student_id,age,sex,address,famsize,Pstatus,Medu,Fedu,studytime,failures,schoolsup,famsup,paid,activities,internet,romantic,famrel,freetime,goout,health,absences,teacher_id,school_id,math_score
1,18,F,U,LE3,T,1,2,2,0,no,no,no,yes,yes,no,5,5,2,5,2,35,8,20.0
2,19,F,U,LE3,T,1,3,1,0,no,no,yes,yes,yes,no,1,3,5,5,3,13,8,20.0
3,17,F,U,LE3,T,2,2,3,0,yes,no,yes,no,yes,yes,4,4,3,4,5,6,10,20.0
4,19,F,R,GT3,T,3,0,2,1,no,yes,no,yes,yes,yes,4,3,4,5,3,43,8,20.0
5,19,F,U,GT3,T,0,3,3,0,no,yes,no,yes,no,no,3,5,3,4,3,6,10,20.0
6,16,M,R,GT3,A,4,0,2,0,yes,yes,no,yes,yes,yes,4,4,4,4,3,35,3,20.0
7,17,F,U,GT3,T,3,3,2,0,no,no,yes,no,yes,no,2,3,3,2,3,16,10,20.0
8,17,M,U,LE3,T,3,4,3,2,yes,yes,no,yes,yes,no,3,3,3,2,2,41,8,20.0
9,17,F,R,GT3,T,3,2,2,0,yes,no,yes,yes,no,no,4,4,4,5,3,8,4,20.0
10,19,M,R,GT3,T,0,3,2,2,yes,yes,no,yes,yes,no,4,2,4,2,4,3,3,17.17
11,18,F,R,LE3,T,2,2,2,1,yes,yes,no,no,yes,no,2,4,3,3,2,5,9,20.0
12,17,M,R,GT3,T,3,2,2,0,no,no,yes,yes,no,no,3,5,2,5,7,21,8,20.0
13,19,F,U,LE3,T,3,4,2,1,no,yes,no,no,yes,no,3,5,3,1,4,31,10,20.0
14,16,M,R,GT3,T,3,4,3,0,no,yes,yes,yes,yes,no,3,2,3,3,2,14,2,20.0
15,18,F,U,GT3,T,2,2,2,3,no,yes,no,yes,yes,yes,3,5,4,4,2,37,8,18.03
16,16,M,R,GT3,T,4,3,2,0,yes,yes,yes,no,yes,no,4,4,5,4,1,19,3,20.0
17,18,F,U,GT3,T,1,4,3,0,yes,no,no,yes,yes,yes,4,3,1,5,2,37,10,20.0
18,19,M,R,GT3,T,4,4,2,0,no,yes,yes,no,yes,no,4,1,2,4,3,20,6,20.0
19,15,M,U,GT3,T,4,3,2,0,no,yes,no,no,yes,no,5,3,2,4,6,2,5,20.0
20,18,F,U,LE3,T,1,2,4,3,yes,yes,no,no,yes,yes,4,5,3,4,5,7,8,18.46
21,16,F,U,LE3,T,3,2,3,0,no,no,no,no,yes,yes,2,1,3,4,3,33,9,20.0
22,19,M,R,GT3,T,0,4,2,1,no,yes,yes,yes,yes,no,1,3,4,4,2,50,7,20.0
23,18,F,U,GT3,T,2,1,3,0,no,no,no,yes,yes,no,5,4,2,5,4,42,6,20.0
24,15,M,U,GT3,T,3,3,1,2,no,no,yes,no,no,no,2,4,4,4,2,6,6,13.82
25,15,M,U,GT3,T,3,2,3,0,yes,yes,no,no,yes,no,2,4,5,4,3,7,1,20.0
26,17,M,U,GT3,T,4,2,2,0,no,no,yes,no,no,yes,1,4,5,1,4,44,5,19.65
27,17,F,R,GT3,T,3,2,2,0,yes,no,no,yes,yes,no,4,2,5,4,1,18,8,20.0
28,16,M,U,GT3,T,2,4,2,1,no,yes,yes,yes,yes,no,4,5,4,1,9,43,6,20.0
29,18,M,R,GT3,T,3,0,1,0,yes,yes,yes,no,yes,no,5,3,5,4,4,29,1,20.0
30,18,F,U,GT3,T,4,3,1,0,no,no,yes,yes,yes,yes,5,4,2,5,3,19,5,20.0
31,17,F,U,GT3,T,0,0,4,0,yes,no,no,yes,yes,no,4,4,2,4,3,25,5,20.0
32,18,F,R,LE3,T,4,1,2,1,no,yes,yes,yes,yes,yes,4,3,1,3,2,4,3,20.0
33,18,F,U,GT3,T,0,2,2,0,no,yes,no,no,no,yes,3,5,4,5,2,13,8,20.0
34,15,M,U,LE3,T,3,3,1,0,no,no,no,yes,yes,no,3,4,5,3,4,32,9,20.0
35,17,M,U,LE3,T,2,2,1,0,no,no,no,no,yes,yes,2,2,2,4,2,27,6,20.0
36,19,M,R,LE3,T,1,2,3,2,no,no,no,yes,no,yes,2,5,4,4,2,34,6,18.7
37,17,M,U,GT3,T,2,0,2,2,no,yes,yes,no,no,no,2,4,4,3,2,28,2,15.16
38,19,F,R,GT3,T,3,2,2,0,no,no,no,no,no,no,3,4,5,5,3,9,10,20.0
39,15,M,R,LE3,A,2,4,2,0,no,yes,yes,yes,yes,no,3,4,4,3,2,8,2,20.0
40,16,M,U,GT3,T,0,4,3,0,no,yes,no,no,yes,no,5,5,5,5,3,21,6,20.0
41,18,F,U,GT3,A,3,2,1,0,no,no,yes,yes,yes,no,4,1,3,1,3,46,8,19.8
42,15,M,U,GT3,T,4,3,1,0,no,no,no,yes,yes,yes,5,3,3,3,3,30,2,20.0
43,18,M,U,LE3,T,2,4,2,1,no,yes,yes,no,yes,no,4,4,3,3,3,29,9,20.0
44,16,M,U,GT3,T,1,0,2,0,no,yes,no,yes,yes,no,4,2,3,1,4,9,9,19.22
45,16,M,U,GT3,A,2,3,2,2,no,no,yes,yes,yes,no,3,4,1,4,6,13,4,18.95
46,15,M,U,LE3,T,0,4,3,0,no,yes,no,yes,yes,yes,3,3,4,4,2,18,4,20.0
47,16,M,R,LE3,T,3,0,3,1,yes,no,yes,yes,yes,yes,2,3,4,5,3,38,4,20.0
48,19,F,R,GT3,T,3,1,3,0,no,no,no,no,yes,no,5,1,4,3,5,22,5,20.0
49,16,F,R,GT3,T,3,4,2,0,no,yes,no,yes,yes,no,5,4,3,4,1,31,8,20.0
50,18,M,U,GT3,T,2,3,1,0,no,no,no,no,no,no,1,5,3,4,4,35,2,17.67
51,18,M,U,GT3,T,3,0,2,0,no,no,no,no,yes,no,3,3,3,4,3,42,5,20.0
52,18,F,U,GT3,T,3,2,4,0,yes,no,no,yes,yes,yes,4,4,1,4,6,42,2,20.0
53,18,M,R,GT3,T,3,2,2,1,no,no,no,yes,yes,no,3,3,4,4,3,10,8,20.0
54,19,M,U,LE3,T,3,3,3,2,no,no,no,no,yes,no,4,4,2,2,1,9,1,20.0
55,17,M,R,GT3,T,3,3,1,0,no,yes,no,yes,yes,no,2,1,1,5,4,31,7,20.0
56,15,F,U,GT3,T,3,4,2,0,yes,yes,no,yes,no,yes,4,4,4,4,3,44,3,20.0
57,18,M,U,GT3,A,2,2,1,0,no,no,yes,yes,yes,no,3,4,1,4,2,40,4,19.54
58,16,F,R,GT3,T,4,3,2,0,no,yes,no,no,yes,no,4,5,5,3,4,24,8,20.0
59,18,M,U,GT3,T,3,3,4,0,yes,yes,no,no,yes,yes,2,3,3,3,6,41,3,20.0
60,16,F,R,LE3,T,3,2,4,1,no,no,yes,yes,yes,no,4,4,5,4,3,49,7,20.0
61,16,F,R,GT3,T,1,1,2,3,yes,no,no,yes,no,yes,5,4,1,3,6,8,1,16.78
62,18,M,U,LE3,T,3,4,2,2,no,yes,yes,no,yes,no,3,5,4,3,5,50,9,20.0
63,19,F,U,GT3,T,3,4,4,0,yes,no,yes,no,yes,no,5,3,3,5,2,20,6,20.0
64,16,M,U,LE3,T,1,2,3,2,yes,no,no,no,yes,yes,5,3,4,4,4,17,3,20.0
65,16,F,R,LE3,T,0,3,1,1,no,yes,no,no,yes,yes,5,5,3,4,1,28,7,16.42
66,18,M,U,GT3,T,3,1,2,0,yes,no,no,yes,yes,no,5,1,3,3,4,6,5,20.0
67,16,M,U,LE3,T,3,3,2,0,yes,yes,no,no,yes,no,4,2,5,5,1,42,8,20.0
68,16,F,U,GT3,T,3,3,2,1,no,yes,no,yes,yes,no,5,2,3,3,2,33,8,20.0
69,18,M,R,GT3,A,1,3,2,0,no,yes,yes,yes,yes,yes,2,5,1,5,5,28,9,20.0
70,18,M,U,LE3,T,3,4,2,0,no,yes,yes,no,yes,no,4,1,3,5,1,1,6,20.0
71,15,F,R,LE3,T,0,3,2,0,no,yes,no,yes,no,yes,5,5,4,4,4,41,4,18.58
72,19,M,R,GT3,T,2,2,1,0,no,no,yes,no,yes,no,5,4,3,5,1,35,2,20.0
73,19,M,U,GT3,T,1,3,2,0,no,no,no,yes,yes,no,5,1,3,4,3,24,3,20.0
74,16,F,U,GT3,T,1,1,3,2,yes,yes,no,no,no,no,5,3,1,3,2,6,5,19.3
75,19,F,R,GT3,T,1,2,3,1,yes,no,yes,no,yes,no,5,3,4,3,4,7,8,19.56
76,16,M,U,GT3,T,2,2,2,1,no,yes,no,yes,yes,yes,4,4,4,3,3,9,10,17.65
77,15,M,R,GT3,T,0,2,4,0,no,yes,no,no,yes,yes,5,4,3,1,5,37,2,20.0
78,18,F,U,GT3,T,2,3,4,1,no,no,no,yes,yes,no,4,4,3,4,6,16,5,20.0
79,18,F,U,GT3,T,3,2,2,0,no,yes,no,no,no,no,5,1,1,3,4,34,9,20.0
80,18,M,R,LE3,T,2,3,1,0,no,yes,no,yes,yes,no,5,4,2,5,5,35,2,20.0
81,19,F,U,GT3,T,2,3,3,0,yes,no,yes,no,yes,no,5,5,2,4,7,35,8,20.0
82,15,M,U,GT3,T,3,2,3,0,yes,yes,no,yes,yes,no,4,4,3,4,2,20,3,20.0
83,19,M,U,GT3,T,1,3,4,0,no,no,no,yes,yes,no,3,5,3,5,4,23,8,20.0
84,19,M,U,GT3,T,3,1,3,0,no,yes,no,yes,no,no,1,3,5,3,6,42,4,20.0
85,15,M,U,GT3,T,0,1,3,0,no,yes,no,yes,yes,yes,5,5,1,4,3,35,4,20.0
86,15,M,U,GT3,T,0,3,2,0,yes,yes,no,no,yes,yes,4,3,4,5,7,47,7,20.0
87,15,F,R,GT3,T,3,2,1,3,no,yes,yes,no,yes,no,3,1,3,3,6,46,5,14.35
88,15,F,U,GT3,T,3,0,2,0,no,yes,no,no,yes,no,2,5,3,4,3,23,4,16.61
89,18,F,U,GT3,T,4,3,2,1,yes,yes,no,yes,yes,no,5,5,5,4,1,4,7,20.0
90,17,F,U,GT3,A,3,3,3,0,no,no,yes,yes,yes,yes,5,4,2,5,2,10,3,20.0
91,17,M,R,GT3,T,4,2,2,0,no,no,yes,yes,yes,no,5,3,1,4,4,43,9,20.0
92,15,M,U,GT3,T,0,4,3,3,no,yes,no,no,yes,yes,4,3,4,4,4,11,5,20.0
93,17,M,R,GT3,T,0,3,2,0,no,yes,no,no,no,no,4,4,3,5,5,40,3,18.74
94,17,M,U,GT3,T,0,4,2,0,yes,yes,no,yes,yes,yes,3,5,1,3,4,9,2,20.0
95,15,F,U,GT3,T,1,1,1,1,no,no,no,yes,yes,yes,1,2,3,5,4,40,7,14.99
96,17,M,U,LE3,A,3,3,2,0,yes,no,no,yes,no,yes,5,5,3,5,2,12,7,20.0
97,19,M,U,GT3,A,3,4,3,1,no,yes,no,no,yes,yes,2,3,4,5,6,17,5,20.0
98,16,F,U,LE3,T,0,3,3,0,no,no,no,no,no,no,4,5,2,5,1,32,4,20.0
99,16,F,U,GT3,A,4,3,4,0,no,yes,yes,no,no,yes,4,5,3,4,1,23,2,20.0
100,15,F,R,GT3,A,3,2,2,0,no,yes,no,yes,yes,yes,4,3,3,5,7,15,2,20.0
101,18,F,U,LE3,T,2,0,2,0,no,yes,no,no,yes,no,5,3,3,4,3,28,7,20.0
102,15,M,U,LE3,T,0,2,2,2,no,yes,no,no,yes,no,1,5,5,4,3,38,10,17.51
103,18,M,U,GT3,T,1,2,2,1,no,yes,no,yes,yes,yes,5,4,1,3,1,5,7,20.0
104,16,F,R,GT3,T,1,4,3,0,no,yes,no,no,yes,yes,2,4,5,5,2,40,4,20.0
105,15,M,U,GT3,T,1,1,3,0,no,no,yes,yes,yes,no,1,4,4,4,1,18,4,20.0
106,19,M,U,LE3,T,3,4,3,1,no,yes,yes,yes,yes,no,4,3,4,5,1,21,4,20.0
107,17,M,U,GT3,A,1,4,2,0,no,yes,yes,no,yes,no,2,5,3,2,2,15,2,20.0
108,18,F,R,GT3,T,2,1,3,0,no,yes,yes,yes,yes,no,5,3,3,5,3,3,9,20.0
109,17,M,U,GT3,T,4,2,1,0,no,yes,no,no,no,yes,4,5,5,5,2,46,1,20.0
110,17,F,U,GT3,T,3,4,3,0,yes,yes,yes,no,yes,yes,1,3,5,4,7,26,8,20.0
111,15,M,R,GT3,A,4,4,2,1,yes,yes,yes,yes,yes,no,1,4,2,3,4,15,6,20.0
112,17,M,R,LE3,A,1,2,2,3,yes,yes,no,no,yes,no,4,3,2,4,4,45,10,16.8
113,19,M,U,GT3,T,2,2,2,0,no,yes,no,no,no,yes,5,3,3,2,3,20,7,20.0
114,17,F,R,GT3,T,3,3,4,0,no,yes,yes,yes,no,no,4,3,5,4,4,21,5,20.0
115,15,M,U,GT3,T,0,3,1,0,no,yes,no,yes,yes,yes,4,4,3,3,4,26,6,18.89
116,19,F,U,LE3,T,0,2,2,0,no,no,no,yes,no,yes,5,4,4,3,7,41,6,20.0
117,16,F,U,GT3,T,3,3,3,0,no,no,yes,yes,yes,yes,4,5,4,3,4,23,9,20.0
118,17,F,U,LE3,T,3,0,2,1,no,yes,yes,yes,no,yes,3,3,4,3,4,49,10,16.06
119,15,M,U,GT3,T,2,0,1,0,yes,yes,no,yes,yes,no,4,4,4,2,1,25,4,20.0
120,16,M,R,GT3,T,2,2,2,0,yes,yes,no,yes,yes,no,4,4,3,5,1,4,5,20.0
121,16,M,U,GT3,T,2,2,2,0,no,yes,no,no,yes,yes,4,3,5,4,1,10,4,20.0
122,18,M,U,LE3,T,0,2,4,0,no,yes,yes,yes,yes,no,4,3,4,4,5,22,1,20.0
123,19,F,U,LE3,T,2,2,3,0,no,yes,no,no,yes,no,5,4,4,4,6,3,10,20.0
124,17,F,R,GT3,T,1,2,2,1,yes,yes,no,no,yes,no,3,3,3,4,3,19,6,19.94
125,15,F,U,LE3,T,0,1,4,0,no,no,yes,no,no,no,5,3,4,5,6,31,5,20.0
126,18,M,U,LE3,T,4,2,2,1,yes,yes,no,yes,yes,yes,4,4,3,3,7,9,4,20.0
127,19,F,U,GT3,T,3,4,1,0,yes,yes,no,no,yes,no,4,3,2,3,2,29,6,20.0
128,18,M,U,GT3,T,3,2,2,0,yes,yes,yes,no,yes,no,2,4,4,5,3,37,5,20.0
129,19,F,R,LE3,T,2,2,2,0,yes,no,no,no,yes,no,4,5,3,4,3,46,3,20.0
130,19,M,R,GT3,T,2,3,1,0,no,no,no,yes,no,no,5,4,4,1,2,7,2,20.0
131,17,M,U,LE3,T,1,4,4,0,yes,yes,yes,yes,yes,yes,4,4,3,2,2,38,6,20.0
132,19,F,R,GT3,T,0,1,3,0,no,no,no,no,yes,no,1,2,4,1,1,24,4,17.29
133,18,F,U,GT3,A,1,3,2,1,no,yes,yes,yes,yes,yes,4,5,3,5,2,8,10,20.0
134,19,F,R,GT3,T,3,3,2,1,yes,no,no,yes,yes,yes,2,3,4,3,4,34,3,20.0
135,17,F,U,GT3,T,3,3,3,0,yes,no,yes,yes,no,yes,5,4,3,5,1,26,8,20.0
136,17,M,U,GT3,A,3,0,4,0,no,yes,yes,no,yes,no,5,5,4,5,5,28,9,20.0
137,18,F,U,GT3,T,2,3,3,0,yes,no,no,no,no,yes,1,4,4,4,3,28,7,20.0
138,16,F,U,LE3,T,4,0,2,0,no,yes,no,yes,yes,no,5,4,3,1,3,46,2,20.0
139,16,F,U,GT3,T,0,3,3,0,no,yes,no,no,yes,no,5,3,3,2,3,7,8,20.0
140,19,M,U,GT3,T,2,3,2,2,yes,yes,yes,no,no,no,4,2,4,4,4,3,5,19.45
141,15,M,U,GT3,T,2,1,2,0,no,no,yes,yes,yes,yes,4,4,4,4,0,22,10,19.53
142,19,F,R,GT3,T,3,3,1,0,yes,yes,no,no,yes,no,4,1,4,4,4,38,7,20.0
143,18,M,U,GT3,A,4,0,1,0,no,yes,no,no,yes,no,4,4,4,4,6,46,5,19.64
144,18,F,U,LE3,A,1,3,2,0,no,no,yes,no,yes,no,3,1,3,5,4,44,2,20.0
145,18,M,R,GT3,T,4,2,2,1,yes,yes,no,yes,no,no,3,5,3,4,1,18,4,20.0
146,18,M,U,GT3,T,3,1,1,0,yes,yes,no,no,yes,no,4,3,3,4,3,12,5,20.0
147,18,M,U,GT3,T,1,1,3,0,no,yes,no,yes,no,no,2,4,2,5,0,31,6,20.0
148,17,M,U,GT3,A,2,4,1,1,no,yes,no,yes,yes,no,5,4,4,2,5,39,5,20.0
149,16,F,R,GT3,A,2,0,2,0,yes,yes,yes,yes,yes,yes,3,4,1,3,3,5,10,20.0
150,18,F,U,GT3,T,4,1,2,1,no,yes,no,no,yes,no,4,3,5,2,2,44,1,20.0
151,15,F,U,LE3,T,1,2,4,0,no,no,yes,no,yes,no,5,4,4,2,4,41,1,20.0
152,15,M,R,LE3,T,3,3,2,0,no,no,no,yes,no,no,4,3,5,4,4,29,3,20.0
153,15,F,R,LE3,T,2,3,1,1,yes,yes,no,yes,yes,no,4,3,5,3,6,43,9,17.89
154,15,F,U,GT3,T,3,1,2,0,no,yes,no,no,yes,yes,5,3,3,4,3,36,2,20.0
155,17,F,U,LE3,T,2,2,3,0,no,yes,no,yes,no,no,5,4,4,5,2,14,10,20.0
156,15,M,U,GT3,T,3,1,4,0,yes,no,no,no,yes,no,3,3,2,3,0,44,5,20.0
157,18,M,R,GT3,T,3,1,2,0,no,yes,no,yes,yes,no,4,5,1,4,3,18,9,20.0
158,19,M,U,GT3,T,3,2,2,1,no,yes,no,yes,no,yes,5,4,4,2,3,7,7,20.0
159,15,F,U,GT3,A,4,3,4,2,no,no,no,no,yes,no,4,3,1,3,4,23,8,20.0
160,17,F,R,LE3,T,0,1,1,3,yes,yes,no,yes,yes,no,4,4,5,4,3,33,2,11.87
161,17,F,U,GT3,T,3,2,3,1,no,yes,yes,yes,yes,yes,3,5,4,5,4,45,5,20.0
162,15,M,U,GT3,T,1,2,2,0,no,no,yes,yes,yes,yes,2,1,4,4,1,16,9,20.0
163,19,M,U,GT3,T,2,4,1,0,no,no,yes,no,yes,no,4,4,2,2,0,37,1,20.0
164,15,F,U,GT3,T,3,4,2,0,no,yes,no,no,yes,yes,5,4,4,4,3,25,1,20.0
165,17,M,U,GT3,T,2,3,2,0,no,no,no,yes,yes,no,5,3,1,2,2,9,10,20.0
166,16,M,U,GT3,T,3,1,3,0,no,yes,no,yes,yes,yes,5,5,4,3,3,28,8,20.0
167,18,M,U,GT3,T,4,0,4,2,yes,no,no,no,no,no,3,3,2,4,2,9,2,20.0
168,17,M,U,GT3,T,1,2,2,0,no,yes,no,yes,yes,no,1,3,4,2,3,12,9,20.0
169,15,F,R,GT3,T,3,2,3,0,no,no,yes,no,yes,no,5,5,2,4,3,18,10,20.0
170,18,M,U,LE3,T,2,3,1,0,yes,no,yes,yes,yes,no,3,4,1,4,0,27,9,20.0
171,15,M,R,GT3,T,1,3,2,1,no,no,no,yes,yes,no,3,5,3,4,1,26,4,20.0
172,15,M,U,LE3,T,1,4,1,1,no,no,yes,no,yes,no,5,4,2,1,2,26,2,17.57
173,16,M,R,GT3,T,4,3,4,1,yes,yes,no,yes,yes,yes,4,4,4,5,4,10,3,20.0
174,18,F,R,GT3,T,4,2,3,0,yes,yes,no,no,yes,no,3,5,2,4,3,17,10,20.0
175,18,F,U,LE3,T,4,3,3,1,yes,yes,no,yes,yes,yes,5,2,3,5,0,32,1,20.0
176,16,M,R,GT3,T,4,2,3,0,yes,no,no,yes,yes,no,5,4,4,3,5,24,3,20.0
177,17,M,R,GT3,T,1,0,3,2,no,no,no,no,yes,yes,2,4,3,4,3,43,5,13.72
178,15,M,U,GT3,T,2,3,4,0,yes,yes,yes,yes,yes,yes,5,2,3,4,2,48,3,20.0
179,19,M,U,GT3,T,3,0,3,0,no,no,no,no,yes,no,4,4,4,3,2,8,3,20.0
180,15,M,U,GT3,T,2,2,4,0,no,no,no,yes,yes,yes,4,2,2,1,2,30,10,20.0
181,15,M,R,LE3,A,2,2,2,1,yes,no,yes,no,yes,yes,5,4,1,4,1,26,6,19.3
182,17,F,R,GT3,T,2,3,1,0,no,no,yes,no,yes,no,5,4,3,5,0,24,3,20.0
183,15,M,R,LE3,T,3,3,2,2,no,yes,no,yes,yes,no,3,5,3,4,5,27,3,20.0
184,16,F,U,GT3,T,3,2,1,0,no,yes,yes,no,yes,no,3,3,3,2,5,15,9,20.0
185,16,F,R,LE3,T,1,3,2,0,yes,yes,yes,no,no,no,2,4,3,4,0,28,2,20.0
186,18,M,U,GT3,T,2,2,2,0,yes,yes,no,yes,no,yes,4,3,4,5,1,11,1,20.0
187,19,F,U,GT3,T,3,2,3,0,no,no,no,no,yes,no,1,4,1,4,2,39,10,20.0
188,15,F,U,LE3,A,3,3,1,0,no,no,yes,no,yes,yes,4,4,3,2,2,2,8,20.0
189,15,F,U,GT3,T,1,3,1,0,no,no,yes,yes,yes,no,2,4,3,5,4,9,3,16.46
190,17,F,U,GT3,T,3,4,2,1,no,no,no,yes,yes,no,4,5,4,3,2,50,7,20.0
191,16,F,U,GT3,T,0,1,4,0,yes,yes,yes,yes,yes,no,1,5,5,4,5,45,2,20.0
192,19,F,U,GT3,T,2,3,2,3,no,yes,no,yes,yes,no,5,2,3,4,3,23,8,17.58
193,18,M,U,GT3,T,3,3,2,0,yes,yes,no,no,yes,yes,3,3,5,5,2,33,9,20.0
194,16,F,U,GT3,T,3,4,3,1,yes,yes,yes,yes,yes,no,3,4,3,5,4,19,8,20.0
195,18,F,U,LE3,T,2,1,3,0,no,yes,yes,no,no,no,5,4,1,5,4,13,8,20.0
196,17,F,U,LE3,T,3,3,2,0,yes,yes,yes,yes,yes,yes,4,3,2,1,2,14,8,20.0
197,17,M,U,GT3,A,3,3,2,0,no,yes,yes,yes,yes,yes,3,4,3,5,0,32,7,20.0
198,15,F,U,GT3,A,3,2,2,0,no,yes,yes,no,yes,no,2,3,3,2,5,49,2,20.0
199,19,M,U,GT3,T,3,2,4,2,yes,no,no,no,yes,no,4,3,1,3,2,22,8,20.0
200,18,F,U,GT3,T,3,2,1,0,no,yes,yes,no,no,no,4,5,3,4,3,20,5,20.0
201,16,M,U,GT3,A,2,3,2,0,no,yes,no,yes,yes,no,5,3,3,4,0,33,6,20.0
202,17,M,U,GT3,A,1,4,1,2,no,yes,no,yes,yes,yes,4,1,2,4,5,5,4,18.24
203,15,F,U,GT3,T,2,3,2,0,yes,no,yes,yes,yes,no,3,2,3,4,3,20,1,20.0
204,15,F,R,GT3,T,2,3,3,1,no,yes,yes,no,no,no,4,5,5,5,3,14,5,20.0
205,18,M,U,GT3,T,3,3,2,0,no,yes,yes,yes,no,yes,4,5,3,3,1,27,3,20.0
206,17,F,U,GT3,T,3,0,1,1,no,no,yes,no,yes,no,5,4,4,3,6,26,9,17.03
207,19,M,U,GT3,A,2,1,2,0,yes,yes,no,no,yes,yes,1,3,4,5,2,32,4,20.0
208,17,M,U,GT3,T,0,2,1,0,no,no,yes,yes,yes,yes,4,5,3,2,4,30,10,17.67
209,18,M,U,LE3,A,2,2,1,0,yes,yes,no,no,yes,yes,1,4,2,4,3,27,2,20.0
210,18,M,U,LE3,T,2,1,3,2,no,yes,no,no,no,no,4,5,3,4,1,26,4,20.0
211,17,M,U,GT3,A,3,3,3,0,yes,yes,no,no,yes,no,5,4,4,4,3,18,3,20.0
212,18,F,U,GT3,T,0,2,4,0,no,no,no,yes,no,no,4,3,3,4,3,45,3,20.0
213,17,M,U,GT3,T,3,2,3,1,no,yes,no,yes,yes,yes,5,4,2,3,1,23,5,20.0
214,16,M,R,GT3,T,4,2,3,2,yes,yes,yes,yes,no,no,4,3,2,5,5,44,1,20.0
215,17,F,R,LE3,T,1,1,1,1,yes,yes,yes,yes,yes,no,5,3,5,2,2,47,5,17.78
216,17,M,R,GT3,T,2,4,3,3,no,yes,no,no,no,no,5,4,3,4,8,24,8,17.57
217,18,F,R,GT3,A,0,4,3,0,no,yes,yes,no,yes,no,2,5,4,2,5,4,10,20.0
218,18,F,U,GT3,T,3,3,3,0,no,no,no,yes,yes,no,3,4,3,4,3,41,9,20.0
219,15,F,U,GT3,A,3,1,2,1,no,no,no,no,yes,yes,4,4,5,4,2,3,1,18.18
220,15,M,U,GT3,A,2,3,2,1,yes,yes,no,no,yes,no,3,2,3,5,0,43,2,20.0
221,16,M,U,LE3,T,3,3,3,0,no,yes,no,yes,yes,no,4,2,3,4,2,30,2,20.0
222,15,M,R,GT3,T,4,3,3,0,no,no,no,yes,no,no,4,3,5,4,6,47,6,20.0
223,17,F,U,GT3,T,1,1,4,1,no,yes,no,no,yes,yes,5,4,4,5,4,16,1,20.0
224,18,M,R,GT3,T,0,3,1,0,no,yes,no,no,yes,yes,4,4,2,4,3,7,1,19.63
225,15,F,U,GT3,T,4,3,2,0,no,yes,no,no,yes,no,5,1,2,4,4,39,2,20.0
226,15,M,R,LE3,T,3,3,2,0,no,no,no,yes,no,yes,5,5,4,4,2,22,4,18.95
227,16,F,U,LE3,T,4,3,3,0,yes,no,no,yes,yes,yes,5,3,4,4,2,41,2,20.0
228,16,M,U,GT3,T,3,2,1,1,no,no,no,yes,yes,no,3,5,3,5,2,31,4,19.88
229,17,M,U,GT3,T,3,3,1,0,no,yes,no,no,yes,no,4,4,4,3,3,49,3,19.94
230,18,M,U,LE3,T,2,0,4,1,yes,yes,no,no,yes,no,3,2,4,4,3,13,3,20.0
231,16,F,U,LE3,A,3,3,1,0,no,no,no,yes,yes,no,4,4,3,4,5,41,9,20.0
232,15,F,U,GT3,T,4,0,3,0,no,yes,yes,no,yes,yes,4,4,4,5,5,41,8,20.0
233,18,M,R,LE3,A,3,2,2,1,no,no,no,no,yes,no,5,4,2,5,2,29,10,20.0
234,18,M,U,GT3,T,1,2,3,0,no,no,yes,no,yes,yes,4,4,5,4,0,28,9,20.0
235,15,F,U,GT3,T,2,3,2,0,no,yes,no,no,yes,no,4,2,4,4,1,44,1,20.0
236,16,F,U,GT3,T,1,1,4,0,yes,no,no,yes,yes,no,5,4,4,4,3,19,5,20.0
237,15,F,R,LE3,T,1,3,4,0,no,yes,no,no,yes,no,2,5,3,4,2,23,4,20.0
238,18,M,U,LE3,T,2,3,1,0,no,no,yes,yes,yes,yes,4,2,2,5,5,47,9,20.0
239,19,F,U,GT3,T,3,1,1,1,no,yes,no,yes,yes,no,5,3,3,5,2,50,3,20.0
240,19,M,U,GT3,T,3,1,2,1,no,yes,no,no,yes,yes,3,5,4,5,2,8,5,20.0
241,17,F,U,GT3,T,2,1,3,1,yes,no,yes,no,yes,no,4,3,4,2,5,25,8,20.0
242,15,M,U,LE3,T,3,4,3,0,no,no,yes,no,yes,no,3,4,3,5,7,38,10,20.0
243,15,F,U,GT3,T,0,3,2,0,no,yes,no,no,yes,no,5,4,4,5,4,38,5,20.0
244,17,F,U,GT3,T,0,2,3,0,no,yes,no,no,yes,yes,3,4,4,4,5,35,9,20.0
245,17,F,R,GT3,T,1,1,1,0,no,yes,yes,no,yes,no,3,3,1,4,3,26,2,17.98
246,17,F,U,GT3,T,3,3,3,0,no,yes,no,yes,yes,no,4,3,3,5,5,3,6,20.0
247,18,F,U,GT3,T,1,4,4,0,no,yes,no,no,no,yes,3,1,4,4,2,2,5,20.0
248,15,M,U,GT3,T,2,3,2,3,no,yes,no,yes,yes,no,3,4,3,5,6,5,9,16.76
249,18,F,R,LE3,A,2,3,2,0,no,yes,no,yes,yes,yes,4,4,4,4,2,20,7,20.0
250,17,F,U,GT3,T,3,0,1,0,no,yes,no,yes,yes,no,4,4,3,4,1,12,8,20.0
251,15,F,R,LE3,T,0,1,2,1,no,yes,no,no,yes,no,4,4,5,5,1,38,7,17.37
252,18,M,U,GT3,T,3,0,2,0,no,yes,no,no,yes,no,4,3,1,4,8,16,10,20.0
253,18,F,U,GT3,T,3,2,1,1,no,yes,yes,no,yes,no,4,1,3,5,5,37,10,18.81
254,17,M,U,LE3,T,3,1,2,1,yes,no,yes,no,no,yes,4,5,1,4,4,38,5,20.0
255,15,F,R,GT3,T,4,2,2,2,no,yes,no,yes,yes,yes,3,4,2,4,1,36,5,20.0
256,17,F,U,LE3,T,0,2,2,0,yes,no,no,no,yes,no,2,3,3,2,6,46,4,20.0
257,15,M,R,GT3,T,1,4,2,1,no,no,no,no,yes,no,5,2,2,4,1,29,2,20.0
258,19,F,R,GT3,T,4,3,1,0,no,no,no,no,yes,yes,5,2,5,4,5,35,9,20.0
259,16,M,U,LE3,T,2,3,3,1,no,no,no,no,yes,no,3,3,5,5,2,49,10,20.0
260,16,M,U,GT3,T,3,3,3,0,no,no,no,no,yes,no,4,5,3,3,6,37,10,20.0
261,16,F,U,GT3,T,3,1,2,0,yes,yes,yes,no,yes,yes,4,5,4,4,3,21,10,20.0
262,17,M,U,LE3,T,3,3,1,0,no,yes,no,no,yes,no,4,5,3,3,6,21,10,20.0
263,19,F,R,LE3,T,4,2,3,0,no,no,yes,yes,no,yes,4,5,4,4,3,28,3,20.0
264,15,F,R,GT3,T,4,3,4,1,no,yes,no,no,yes,no,1,5,4,5,6,6,3,20.0
265,18,M,U,GT3,T,3,2,2,1,yes,no,yes,yes,yes,yes,4,4,1,4,5,20,3,20.0
266,15,M,U,GT3,T,2,4,2,1,no,yes,no,yes,yes,no,2,3,4,4,1,36,8,20.0
267,18,M,R,LE3,T,4,2,1,0,no,no,yes,no,yes,no,4,4,4,4,3,13,6,20.0
268,15,M,U,LE3,T,0,2,2,1,no,yes,yes,yes,no,no,5,3,3,2,3,40,1,20.0
269,19,F,R,GT3,T,1,4,1,0,no,yes,yes,no,yes,no,4,3,5,4,2,11,3,20.0
270,18,F,U,LE3,T,4,0,2,2,no,yes,no,yes,yes,no,2,3,5,4,4,24,4,19.73
271,17,M,U,LE3,T,2,3,3,2,no,no,no,yes,yes,yes,5,4,3,4,2,19,2,20.0
272,15,F,U,LE3,T,1,3,2,0,no,no,no,yes,yes,no,5,3,4,5,4,23,6,20.0
273,15,F,U,GT3,T,1,3,2,1,no,yes,no,yes,yes,no,5,3,5,5,4,31,10,20.0
274,18,F,U,GT3,A,4,4,2,0,yes,no,no,no,yes,no,4,4,3,5,0,37,1,20.0
275,17,F,U,GT3,T,3,4,2,0,no,yes,no,yes,no,yes,3,5,3,5,4,37,1,20.0
276,17,M,U,GT3,T,3,0,1,0,no,yes,no,yes,no,yes,5,4,2,5,2,3,8,20.0
277,19,M,R,GT3,T,1,3,1,0,yes,yes,yes,yes,yes,no,4,5,5,4,3,34,4,20.0
278,17,F,R,GT3,A,3,3,3,1,yes,yes,yes,yes,yes,no,5,3,4,2,3,29,1,20.0
279,17,M,U,LE3,A,3,3,1,0,no,yes,no,no,yes,no,3,3,2,4,2,3,7,20.0
280,17,M,U,GT3,T,2,1,3,0,yes,yes,no,yes,yes,no,3,4,5,5,0,15,9,20.0
281,16,M,U,GT3,T,2,3,4,0,no,no,no,no,yes,yes,5,4,4,1,1,7,10,20.0
282,19,F,U,GT3,T,1,4,2,1,yes,no,no,no,yes,no,4,4,5,2,5,3,7,18.88
283,15,F,U,GT3,T,4,4,2,2,no,yes,yes,no,yes,no,2,4,1,2,4,47,1,20.0
284,18,F,U,GT3,T,3,2,2,1,yes,yes,no,no,yes,no,3,4,3,4,2,43,1,20.0
285,15,M,U,LE3,T,4,0,3,1,yes,yes,no,yes,no,yes,4,5,4,4,1,16,1,20.0
286,19,F,U,GT3,T,2,2,4,0,no,yes,no,yes,no,yes,1,3,3,4,1,45,8,20.0
287,18,F,U,GT3,T,3,3,3,0,no,yes,no,no,yes,yes,4,3,4,2,3,34,7,20.0
288,19,M,U,GT3,A,3,3,1,0,yes,yes,no,no,no,no,4,4,4,4,3,20,3,20.0
289,17,F,R,GT3,T,3,2,3,0,no,no,no,no,yes,yes,5,2,3,3,3,44,3,20.0
290,18,F,U,GT3,T,4,0,2,1,no,no,yes,no,yes,yes,4,3,4,3,5,39,3,20.0
291,17,M,U,LE3,T,2,2,2,0,no,yes,yes,yes,yes,no,5,3,2,4,4,33,2,20.0
292,15,M,U,GT3,T,1,2,1,1,no,yes,no,yes,yes,yes,3,3,3,4,3,14,4,14.27
293,15,M,U,LE3,T,3,4,1,0,no,yes,no,no,no,yes,4,2,1,4,0,42,7,20.0
294,18,F,R,GT3,T,3,3,3,0,no,no,yes,no,yes,yes,2,1,3,4,7,35,9,20.0
295,18,F,U,GT3,A,3,2,2,0,no,yes,no,yes,no,yes,4,4,3,3,3,11,3,20.0
296,19,F,R,GT3,T,1,3,2,1,yes,yes,no,no,yes,no,5,4,4,5,4,20,10,20.0
297,19,M,U,GT3,T,3,0,2,1,no,no,no,yes,yes,no,5,4,4,3,4,30,7,19.7
298,17,M,U,GT3,T,2,4,3,2,no,yes,yes,yes,yes,no,4,4,3,3,4,28,4,20.0
299,18,F,R,LE3,T,2,2,3,0,no,yes,no,no,yes,no,4,2,4,5,1,15,1,20.0
300,15,F,U,GT3,T,3,2,2,3,no,yes,no,no,yes,no,5,3,1,4,4,38,5,17.03
301,19,M,U,LE3,T,3,2,1,0,no,yes,no,no,yes,no,5,2,2,3,3,50,8,20.0
302,19,M,U,GT3,T,1,3,2,0,no,yes,no,yes,yes,yes,5,5,4,2,4,13,3,20.0
303,15,M,U,LE3,T,2,3,4,3,no,yes,yes,yes,yes,yes,4,4,4,5,2,47,10,20.0
304,19,M,R,LE3,T,2,3,2,0,no,yes,no,no,yes,no,5,3,4,5,5,35,4,20.0
305,17,F,U,GT3,T,1,2,2,1,no,yes,yes,yes,yes,yes,3,3,3,3,3,47,3,17.78
306,18,M,U,LE3,T,3,2,2,0,no,no,yes,no,yes,yes,3,5,4,4,1,24,10,20.0
307,15,F,U,GT3,T,4,1,2,0,no,yes,no,no,yes,no,2,4,4,2,4,1,8,19.46
308,18,F,U,GT3,T,2,3,3,2,yes,yes,no,no,yes,no,3,5,5,4,6,42,10,20.0
309,19,F,U,LE3,T,3,0,2,0,no,no,no,yes,no,yes,5,3,2,1,1,24,8,19.29
310,19,M,U,GT3,T,4,3,1,1,no,no,yes,no,yes,yes,5,3,4,4,3,27,4,19.75
311,15,M,U,LE3,T,3,4,1,0,no,no,no,yes,yes,no,5,4,4,2,2,18,2,20.0
312,17,M,R,LE3,T,1,4,2,1,yes,yes,no,yes,no,no,4,4,5,4,6,26,3,19.27
313,16,M,U,GT3,A,4,2,4,0,no,yes,no,yes,no,yes,4,4,2,4,1,29,3,20.0
314,15,F,U,LE3,A,2,2,2,0,no,no,no,yes,no,no,4,4,3,4,4,8,4,20.0
315,16,M,R,GT3,T,2,0,3,0,no,no,no,no,yes,no,4,4,3,1,2,44,2,20.0
316,16,M,U,LE3,T,0,3,3,0,no,yes,no,yes,yes,no,5,4,3,4,5,26,2,20.0
317,17,F,U,LE3,T,2,3,2,2,no,no,yes,yes,yes,yes,4,3,2,5,2,5,3,19.94
318,16,M,U,GT3,T,1,1,1,0,yes,yes,yes,no,yes,yes,4,3,1,4,1,33,1,20.0
319,16,F,U,GT3,T,1,2,1,0,yes,no,yes,yes,no,no,4,5,4,4,2,40,8,18.71
320,17,F,U,LE3,T,2,3,3,0,no,no,no,no,yes,no,5,3,3,4,5,5,6,20.0
321,16,F,R,GT3,T,3,4,1,0,no,no,no,yes,yes,yes,3,4,2,4,2,49,3,20.0
322,16,F,U,LE3,T,4,1,2,1,yes,no,no,yes,yes,no,4,4,3,4,2,47,1,20.0
323,16,F,U,GT3,T,2,3,2,3,yes,no,yes,no,yes,yes,5,5,1,5,3,36,3,17.5
324,15,F,R,GT3,T,4,1,3,0,yes,yes,yes,yes,yes,yes,4,3,5,2,4,13,1,20.0
325,15,F,U,GT3,T,4,1,1,2,no,yes,yes,no,yes,no,5,3,4,1,2,17,3,16.17
326,15,F,U,GT3,T,3,4,2,0,yes,yes,yes,yes,no,yes,3,5,4,4,4,13,4,20.0
327,17,M,U,GT3,T,1,3,2,0,no,yes,no,yes,no,no,4,5,3,5,4,25,6,20.0
328,19,M,R,GT3,A,3,3,2,1,no,no,no,yes,yes,no,5,4,5,5,3,2,7,20.0
329,16,M,U,GT3,T,4,0,3,0,yes,yes,no,yes,yes,no,4,4,3,4,7,24,7,20.0
330,16,M,U,GT3,T,3,3,1,1,no,yes,no,yes,yes,no,4,3,4,4,0,36,9,20.0
331,17,F,U,LE3,T,2,2,3,2,yes,yes,no,no,yes,no,3,4,3,4,4,25,8,20.0
332,16,M,U,GT3,A,3,2,3,0,no,no,no,yes,no,yes,3,5,4,4,5,34,4,20.0
333,15,F,U,GT3,T,3,3,2,2,yes,yes,yes,yes,yes,no,4,5,4,4,3,12,6,19.46
334,19,M,U,GT3,T,3,0,3,1,no,yes,no,yes,yes,no,2,2,3,5,0,19,1,20.0
335,18,M,R,GT3,T,1,3,2,0,no,yes,no,no,yes,yes,5,3,2,4,5,50,8,20.0
336,16,M,U,GT3,T,2,3,1,1,yes,no,no,no,yes,yes,5,4,4,4,4,42,6,15.92
337,15,F,U,LE3,T,3,1,3,0,yes,yes,yes,no,yes,yes,3,5,3,4,1,30,2,20.0
338,18,M,R,LE3,T,4,1,2,3,no,no,yes,no,yes,no,4,4,1,4,0,37,8,19.02
339,19,F,R,GT3,T,1,1,3,1,yes,yes,yes,yes,yes,no,4,3,3,4,3,43,4,20.0
340,18,F,U,GT3,T,4,0,2,0,no,yes,no,yes,yes,no,3,1,3,4,4,1,9,20.0
341,15,M,U,GT3,A,2,3,4,0,no,no,no,no,yes,no,3,4,4,1,4,3,4,20.0
342,18,M,U,GT3,T,3,3,2,1,no,yes,no,no,no,no,4,2,1,3,1,49,1,20.0
343,17,M,R,GT3,T,3,0,1,0,no,yes,no,yes,yes,no,4,5,3,4,2,26,7,20.0
344,18,F,R,GT3,T,3,0,2,0,no,yes,yes,yes,yes,no,4,4,4,5,1,15,10,20.0
345,16,M,U,LE3,T,4,3,3,0,no,yes,no,no,yes,no,4,4,4,3,1,46,5,20.0
346,16,F,R,LE3,A,2,3,3,0,no,yes,no,no,yes,no,5,3,3,4,0,47,10,20.0
347,17,F,U,GT3,T,4,2,2,0,yes,yes,no,yes,yes,no,5,5,4,3,4,48,5,20.0
348,15,M,U,GT3,T,1,2,3,0,yes,yes,no,no,no,no,4,3,3,2,3,28,4,20.0
349,16,M,U,LE3,T,3,3,2,0,no,yes,yes,yes,yes,no,5,3,3,5,1,4,6,20.0
350,19,F,R,GT3,T,3,2,2,1,no,no,yes,yes,yes,no,3,5,5,5,5,19,1,20.0
351,16,F,U,GT3,T,3,0,3,0,no,no,no,yes,yes,no,5,5,5,2,5,24,3,20.0
352,16,F,R,GT3,T,2,3,3,0,yes,yes,no,yes,yes,no,4,5,3,4,3,40,7,20.0
353,15,M,R,GT3,T,4,3,3,0,no,yes,no,yes,yes,no,5,3,2,3,7,6,8,20.0
354,18,F,R,GT3,A,1,3,3,0,yes,yes,no,no,no,no,4,2,3,5,1,16,9,20.0
355,16,M,U,LE3,T,0,3,1,0,yes,yes,no,yes,yes,no,3,1,1,3,3,32,1,20.0
356,17,F,U,GT3,T,3,3,3,0,no,yes,no,no,yes,yes,4,3,1,3,5,30,4,20.0
357,18,F,U,GT3,T,2,1,2,0,yes,yes,no,yes,yes,yes,4,4,3,4,2,35,2,20.0
358,19,M,U,LE3,T,3,2,1,1,no,yes,no,yes,yes,no,4,3,5,5,2,8,2,20.0
359,15,F,U,GT3,T,2,1,2,1,no,yes,yes,no,yes,no,4,4,5,3,2,5,1,18.98
360,19,M,R,GT3,T,1,1,2,1,no,yes,no,no,yes,no,5,3,3,4,5,37,5,20.0
361,18,M,U,GT3,T,3,3,2,1,no,no,no,no,yes,no,4,3,4,2,2,12,2,20.0
362,18,F,U,GT3,T,3,4,2,1,yes,yes,no,no,yes,no,4,5,1,5,1,25,4,20.0
363,18,M,U,LE3,T,1,4,1,0,yes,no,no,yes,yes,yes,3,3,2,2,3,33,9,20.0
364,19,M,U,GT3,A,3,3,2,1,no,no,no,yes,yes,yes,5,3,1,5,3,39,3,20.0
365,18,F,U,GT3,T,3,1,2,0,no,yes,no,no,yes,no,5,3,4,4,1,24,8,20.0
366,19,M,U,GT3,T,3,1,2,1,no,yes,yes,no,yes,yes,5,2,2,4,5,11,10,20.0
367,18,M,R,LE3,T,2,3,2,1,yes,yes,no,no,yes,no,3,4,5,5,2,42,6,20.0
368,17,M,U,GT3,T,3,3,3,0,no,yes,no,no,yes,no,4,3,4,5,4,35,10,20.0
369,18,F,R,GT3,T,3,3,3,0,no,yes,no,no,yes,no,2,4,2,4,5,40,5,20.0
370,19,M,R,LE3,T,3,3,3,0,no,no,yes,yes,yes,no,4,5,2,2,4,1,2,20.0
371,16,F,U,LE3,T,1,3,2,1,no,yes,yes,no,no,no,2,4,4,4,5,8,3,19.89
372,18,F,R,GT3,T,3,3,3,1,yes,yes,yes,no,yes,yes,4,1,5,4,4,23,8,20.0
373,16,M,U,GT3,T,3,0,1,2,yes,no,no,no,yes,no,4,4,4,4,4,20,9,15.79
374,17,M,R,GT3,T,3,3,1,0,no,no,yes,yes,yes,no,4,2,3,4,2,32,7,20.0
375,15,M,U,GT3,T,2,4,2,1,no,yes,no,yes,yes,yes,4,4,4,1,6,11,1,19.89
376,17,F,R,GT3,T,4,2,3,0,yes,no,yes,yes,yes,yes,5,4,3,4,0,7,6,20.0
377,18,M,R,GT3,T,3,3,2,2,no,yes,yes,yes,yes,yes,2,3,5,4,1,30,7,19.25
378,16,M,R,LE3,T,1,2,1,0,yes,yes,yes,no,yes,yes,5,5,4,2,0,48,6,17.44
379,16,M,R,GT3,T,2,4,1,0,yes,yes,yes,yes,yes,no,3,5,4,4,2,39,10,20.0
380,19,M,U,LE3,T,4,0,3,0,no,yes,no,yes,yes,no,1,5,3,4,1,13,2,20.0
381,16,M,U,GT3,T,0,3,3,1,yes,no,no,yes,yes,no,3,3,4,4,2,42,9,20.0
382,19,F,U,LE3,T,4,1,2,3,no,yes,no,no,yes,no,5,4,3,2,8,49,3,18.2
383,15,F,U,LE3,T,3,3,2,0,no,yes,yes,no,yes,no,4,5,1,4,5,3,6,20.0
384,18,M,U,GT3,T,3,1,2,0,yes,yes,yes,yes,yes,yes,5,3,3,3,2,7,6,20.0
385,19,M,U,LE3,T,2,1,3,2,yes,yes,no,yes,yes,no,4,5,5,4,1,43,8,20.0
386,15,M,R,GT3,T,1,2,2,0,no,yes,no,yes,yes,no,1,1,4,5,2,13,4,19.33
387,16,M,U,LE3,T,4,4,3,1,yes,yes,yes,no,yes,no,4,1,1,4,5,37,6,20.0
388,16,F,R,GT3,T,2,1,2,0,no,no,no,yes,yes,no,2,4,5,2,5,25,1,20.0
389,15,M,U,GT3,T,3,1,3,0,no,yes,no,no,yes,no,5,4,3,4,2,23,9,20.0
390,16,F,R,LE3,T,2,3,1,1,no,yes,yes,yes,no,yes,3,4,2,5,4,47,9,18.05
391,15,F,R,LE3,A,1,3,2,1,no,yes,no,yes,yes,no,3,5,3,3,1,33,7,18.04
392,19,M,U,GT3,T,0,4,2,0,yes,yes,yes,no,yes,no,5,2,4,5,1,5,1,20.0
393,19,F,U,GT3,T,3,1,2,0,yes,yes,no,yes,yes,yes,5,3,3,4,1,32,3,20.0
394,15,F,R,GT3,T,4,3,1,1,yes,no,yes,no,yes,no,4,5,3,5,5,30,5,20.0
395,19,F,U,GT3,T,2,1,3,0,no,no,no,yes,yes,no,5,3,4,3,2,31,4,20.0
396,19,F,U,GT3,T,2,1,2,2,no,yes,yes,no,yes,yes,3,4,3,3,4,13,5,18.68
397,19,M,U,LE3,T,2,3,3,0,yes,yes,no,no,yes,no,5,4,4,5,4,42,7,20.0
398,17,M,U,GT3,T,3,3,3,0,yes,no,yes,no,no,yes,4,2,2,4,5,5,9,20.0
399,18,F,U,GT3,T,2,3,2,2,no,yes,no,yes,yes,no,3,3,4,2,4,23,1,20.0
400,16,M,U,GT3,T,4,2,3,1,no,yes,no,yes,yes,yes,3,4,4,4,3,1,5,20.0
401,17,M,U,GT3,A,3,2,3,0,no,yes,no,yes,yes,no,2,5,4,2,3,10,3,20.0
402,19,M,U,GT3,T,3,2,2,1,no,no,no,no,no,yes,4,4,3,5,3,50,3,20.0
403,15,M,R,GT3,A,1,4,3,0,no,yes,no,no,no,yes,3,4,4,4,5,27,2,20.0
404,19,M,U,GT3,T,4,2,2,0,no,no,yes,yes,yes,yes,4,4,1,5,4,8,6,20.0
405,18,F,R,GT3,T,1,2,2,3,no,no,yes,yes,yes,no,5,3,5,5,3,3,6,18.42
406,19,M,U,GT3,T,0,2,3,1,no,yes,no,yes,yes,no,1,2,1,2,2,19,3,20.0
407,15,M,U,LE3,T,3,3,2,1,no,no,yes,yes,yes,no,4,3,2,4,4,2,1,19.61
408,18,M,U,LE3,T,3,2,2,0,yes,no,no,yes,yes,no,4,1,4,5,5,49,7,20.0
409,19,M,U,GT3,A,2,4,2,0,yes,yes,yes,yes,yes,no,5,3,4,4,1,31,2,20.0
410,18,F,U,GT3,A,2,2,3,0,no,yes,no,no,no,yes,4,3,1,5,5,48,8,20.0
411,16,F,U,LE3,T,3,4,4,0,no,yes,no,no,yes,no,4,3,5,4,5,10,3,20.0
412,16,F,U,LE3,T,1,1,2,1,no,yes,no,no,yes,yes,4,1,5,1,2,16,1,17.64
413,19,F,U,LE3,T,3,3,3,0,yes,yes,no,yes,yes,no,3,4,4,5,2,37,10,20.0
414,18,M,U,LE3,A,3,4,4,1,no,yes,yes,no,yes,no,2,4,3,2,2,20,9,20.0
415,15,F,U,GT3,T,2,1,1,0,no,yes,no,no,yes,no,4,2,4,2,2,3,5,17.53
416,19,M,U,GT3,T,2,4,2,0,yes,no,yes,yes,yes,yes,2,5,3,4,4,35,1,20.0
417,16,M,R,GT3,T,2,2,3,0,no,yes,no,no,yes,no,4,2,3,5,3,34,10,20.0
418,16,M,U,GT3,T,3,4,3,0,no,yes,no,yes,yes,yes,3,5,5,4,1,21,6,20.0
419,19,M,U,LE3,A,3,3,3,0,no,yes,no,yes,yes,yes,4,1,5,3,5,36,10,20.0
420,18,M,R,LE3,T,2,2,2,3,no,yes,yes,yes,yes,yes,2,5,5,4,2,32,3,13.12
421,16,F,U,GT3,T,3,1,1,0,no,yes,yes,yes,yes,no,5,1,3,3,3,18,4,20.0
422,18,F,U,GT3,T,4,2,2,2,no,yes,yes,no,yes,no,5,4,2,3,0,34,8,20.0
423,16,F,R,GT3,T,2,0,2,0,no,yes,yes,yes,yes,yes,3,3,3,3,1,38,5,20.0
424,16,F,U,LE3,T,4,1,2,3,no,no,yes,yes,yes,yes,3,4,3,4,3,3,6,15.86
425,17,M,U,GT3,T,2,1,3,0,no,no,no,yes,yes,no,4,3,3,5,2,3,10,20.0
426,16,F,U,GT3,T,0,2,1,2,no,yes,yes,no,yes,no,2,2,3,3,2,27,4,13.88
427,15,M,U,GT3,A,1,3,3,0,yes,no,no,yes,no,yes,4,4,4,3,3,2,6,20.0
428,19,F,U,GT3,T,2,1,2,1,no,no,no,no,no,yes,3,2,4,5,2,3,3,20.0
429,19,M,U,GT3,T,1,1,2,2,no,yes,no,no,yes,no,5,5,4,4,3,17,10,18.5
430,18,M,U,GT3,A,0,3,1,0,no,no,yes,yes,no,no,5,2,4,5,5,46,1,17.88
431,16,F,U,LE3,T,4,1,2,0,no,no,yes,yes,no,no,4,4,1,3,3,39,6,20.0
432,15,M,R,LE3,T,3,0,1,0,yes,yes,no,no,no,no,4,4,1,2,5,38,1,17.58
433,18,M,R,LE3,T,3,1,4,2,no,yes,yes,yes,yes,yes,5,3,4,4,4,40,10,20.0
434,17,F,U,GT3,T,1,4,3,0,yes,yes,no,yes,yes,yes,5,3,3,4,4,19,3,20.0
435,18,M,U,GT3,T,1,3,2,0,yes,yes,yes,no,yes,yes,5,4,4,4,4,19,8,20.0
436,18,F,U,GT3,A,0,2,2,0,no,no,no,yes,yes,yes,2,4,1,4,2,44,7,19.07
437,16,F,U,LE3,T,3,3,4,0,yes,yes,no,yes,yes,no,3,5,3,3,2,5,8,20.0
438,17,F,U,GT3,T,4,3,2,1,no,no,no,yes,yes,no,4,3,4,4,5,5,10,20.0
439,18,M,U,GT3,T,2,3,1,0,no,no,yes,yes,yes,no,4,4,5,4,5,14,10,20.0
440,15,M,R,GT3,T,1,3,2,1,no,no,yes,no,yes,yes,1,3,5,4,1,27,2,16.95
441,15,M,U,GT3,T,3,3,4,2,no,no,no,no,yes,no,2,3,3,4,3,49,10,20.0
442,19,F,U,GT3,T,2,2,1,0,yes,yes,no,no,yes,no,5,4,3,4,8,48,7,20.0
443,17,M,U,GT3,T,2,0,2,1,yes,yes,yes,no,no,yes,5,3,4,3,3,36,4,18.7
444,17,F,U,LE3,T,3,2,4,0,no,no,yes,yes,yes,no,4,3,3,3,6,40,1,20.0
445,19,F,R,GT3,A,3,4,1,1,no,yes,yes,yes,yes,yes,5,3,3,4,1,35,3,20.0
446,18,M,R,LE3,T,1,3,1,0,no,yes,no,yes,yes,yes,4,4,5,1,3,21,5,18.39
447,17,F,R,LE3,T,0,3,2,1,no,no,yes,yes,yes,no,5,5,4,4,2,5,10,18.53
448,15,M,U,LE3,T,4,4,3,0,yes,no,no,no,yes,no,4,4,5,5,1,24,8,20.0
449,15,M,U,GT3,T,1,1,2,0,no,yes,no,no,no,yes,2,4,2,4,2,39,2,20.0
450,16,M,U,GT3,T,0,3,4,0,no,no,no,yes,yes,yes,4,4,3,1,3,50,2,20.0
451,17,M,U,GT3,T,1,3,3,0,yes,no,no,yes,yes,no,4,4,4,5,4,24,8,20.0
452,18,M,U,LE3,T,0,4,1,1,yes,yes,no,yes,yes,no,4,2,2,3,2,40,9,19.34
453,19,F,R,GT3,T,2,4,4,0,yes,yes,no,yes,yes,no,2,2,4,2,2,43,10,20.0
454,19,F,U,GT3,A,3,3,2,1,yes,no,yes,yes,yes,yes,5,1,2,4,3,46,1,20.0
455,18,F,U,GT3,A,2,1,2,0,no,yes,no,no,yes,yes,3,4,4,4,5,50,2,20.0
456,16,M,U,GT3,A,2,3,2,1,yes,yes,no,no,yes,yes,3,5,4,3,3,13,4,19.83
457,19,M,U,LE3,T,3,1,2,0,yes,yes,no,no,yes,yes,4,3,2,4,3,38,3,20.0
458,17,M,U,GT3,T,3,3,1,0,yes,no,no,yes,yes,yes,4,3,3,4,2,45,1,20.0
459,16,F,R,GT3,T,4,4,1,0,no,yes,yes,yes,yes,yes,4,5,4,2,1,1,4,19.3
460,17,M,R,LE3,T,4,2,2,1,no,yes,no,no,no,no,5,5,4,3,3,43,2,20.0
461,15,F,R,GT3,T,0,3,3,0,yes,yes,yes,no,yes,yes,4,4,3,4,4,39,10,20.0
462,16,F,U,GT3,T,3,2,2,2,no,no,no,no,no,no,4,3,5,4,2,10,5,19.11
463,19,M,U,GT3,T,2,2,4,2,yes,yes,yes,no,yes,yes,4,2,3,2,1,2,1,20.0
464,16,M,U,LE3,T,4,2,2,0,no,yes,no,no,yes,no,1,1,3,3,5,16,8,20.0
465,16,F,U,LE3,T,2,3,2,1,yes,no,yes,no,yes,yes,4,2,1,4,2,37,10,20.0
466,16,M,R,LE3,T,4,4,1,0,no,yes,no,yes,yes,no,5,3,5,5,2,16,2,20.0
467,16,F,U,GT3,T,3,4,1,0,no,no,no,no,yes,yes,1,4,2,3,5,23,3,20.0
468,17,M,U,GT3,T,1,1,2,1,no,no,yes,yes,yes,no,4,2,3,4,1,26,3,16.5
469,15,M,U,LE3,T,3,4,3,1,yes,no,no,yes,yes,no,5,2,4,3,3,16,4,20.0
470,18,F,U,GT3,T,4,3,4,1,no,yes,no,no,yes,no,4,3,2,3,6,27,7,20.0
471,16,M,R,GT3,T,4,2,4,0,no,no,no,yes,yes,yes,4,4,3,1,4,47,9,20.0
472,19,F,U,LE3,T,0,0,2,0,yes,no,yes,yes,no,no,5,4,2,5,6,41,3,20.0
473,16,M,U,GT3,T,3,2,3,0,no,no,no,yes,yes,no,3,4,4,4,0,30,1,20.0
474,19,F,U,GT3,T,2,4,2,1,yes,yes,no,yes,yes,yes,2,3,4,5,3,33,10,20.0
475,17,F,U,LE3,T,0,3,1,0,yes,no,no,yes,yes,no,5,3,5,4,5,32,1,20.0
476,19,M,R,LE3,A,2,3,3,1,yes,yes,no,yes,yes,no,5,2,5,5,3,9,6,20.0
477,18,F,R,GT3,T,1,2,3,0,no,yes,no,yes,yes,no,4,3,4,3,4,11,5,20.0
478,15,M,R,GT3,T,3,3,1,0,no,yes,yes,yes,yes,no,4,5,4,3,1,37,10,20.0
479,19,M,R,GT3,T,2,0,2,0,no,no,yes,no,yes,no,5,5,3,5,7,6,7,20.0
480,19,M,U,GT3,A,3,2,2,0,yes,yes,yes,yes,yes,no,4,4,3,4,2,30,7,20.0
481,15,F,U,LE3,T,0,3,3,0,no,yes,yes,yes,yes,no,3,5,4,5,4,40,3,20.0
482,18,F,U,LE3,T,2,1,2,1,yes,no,no,no,no,no,1,4,5,1,4,15,7,17.62
483,16,M,U,GT3,T,1,3,4,2,no,yes,no,no,yes,no,4,1,3,4,1,48,9,20.0
484,19,M,R,LE3,A,1,1,1,0,no,no,yes,no,yes,no,5,5,3,4,3,30,8,19.21
485,15,F,U,LE3,T,0,3,2,0,yes,yes,no,yes,yes,no,5,2,3,2,3,18,3,20.0
486,17,M,R,GT3,T,1,2,2,0,no,yes,no,no,no,yes,5,4,3,4,6,12,10,19.65
487,15,M,U,GT3,T,3,3,2,2,no,no,no,no,yes,no,5,3,1,4,4,4,5,20.0
488,17,F,U,GT3,T,2,1,2,0,no,no,no,no,yes,yes,4,3,3,1,3,16,8,19.42
489,18,M,U,GT3,T,2,0,3,2,no,yes,no,no,yes,yes,4,4,3,3,3,23,2,18.91
490,16,F,R,LE3,T,2,4,3,0,no,no,yes,no,yes,yes,5,3,4,3,3,11,7,20.0
491,15,M,U,GT3,T,4,2,4,0,no,yes,yes,no,yes,no,4,3,3,2,3,24,10,20.0
492,19,F,U,LE3,T,4,3,3,2,no,yes,yes,no,no,yes,4,3,4,4,4,22,10,20.0
493,18,M,U,GT3,T,2,4,3,0,yes,yes,no,yes,yes,no,2,3,5,3,3,39,7,20.0
494,15,M,U,GT3,A,2,1,2,0,no,yes,yes,no,yes,no,5,5,5,3,1,15,8,19.84
495,19,F,U,GT3,T,1,2,3,0,no,yes,no,no,yes,yes,4,4,4,5,4,49,1,20.0
496,15,M,R,GT3,T,4,3,2,0,yes,yes,yes,yes,yes,yes,4,4,1,4,5,15,8,20.0
497,17,F,U,GT3,T,0,4,2,0,yes,yes,no,no,yes,no,4,3,5,4,5,10,1,20.0
498,15,M,U,LE3,T,2,4,2,1,no,yes,yes,yes,no,no,4,5,4,4,3,28,3,20.0
499,15,F,U,GT3,T,2,3,2,1,no,yes,yes,yes,yes,no,3,3,3,5,3,36,9,20.0
500,15,F,U,GT3,T,2,3,2,0,no,yes,yes,no,no,no,5,3,2,1,5,17,4,20.0
501,18,F,R,LE3,T,1,1,4,2,yes,no,no,yes,no,no,3,3,2,4,3,36,10,20.0
502,15,F,U,GT3,T,3,4,2,0,no,no,yes,yes,yes,no,3,5,2,4,2,22,9,20.0
503,19,M,U,GT3,T,1,4,1,0,yes,yes,no,yes,yes,no,4,2,1,3,3,23,1,20.0
504,17,M,U,LE3,T,3,1,2,0,no,no,yes,yes,yes,no,4,2,5,5,1,29,8,20.0
505,17,F,R,GT3,T,1,2,1,0,no,no,yes,yes,yes,no,5,4,3,5,4,22,3,20.0
506,15,F,R,GT3,A,0,1,1,0,yes,yes,no,yes,yes,yes,5,3,4,5,5,11,7,16.61
507,18,F,U,GT3,T,4,2,2,3,no,yes,yes,yes,yes,no,5,4,4,3,3,36,2,18.8
508,18,M,U,GT3,A,1,3,2,0,no,no,no,no,yes,no,2,4,4,3,3,44,7,20.0
509,19,M,U,GT3,T,3,2,2,0,no,yes,no,no,no,no,2,3,5,5,1,29,7,20.0
510,15,M,R,GT3,A,3,0,3,0,no,no,yes,yes,no,yes,4,2,5,4,2,42,9,20.0
511,17,M,U,GT3,T,0,2,3,1,no,no,yes,no,yes,no,3,2,3,3,2,32,2,20.0
512,18,F,U,LE3,T,4,4,2,2,no,no,yes,yes,yes,yes,5,5,5,4,6,14,8,20.0
513,15,F,U,GT3,T,1,3,2,0,yes,no,no,yes,yes,yes,4,5,4,3,5,18,5,20.0
514,18,F,U,GT3,T,4,2,2,0,yes,yes,no,yes,yes,yes,5,3,1,3,4,38,10,20.0
515,18,M,U,LE3,T,1,1,3,0,yes,yes,no,no,yes,no,3,2,4,5,6,37,9,20.0
516,17,M,R,GT3,T,4,4,1,0,no,no,no,no,yes,yes,4,2,4,3,4,34,8,20.0
517,16,M,U,GT3,T,0,3,1,0,no,yes,yes,yes,yes,yes,4,4,5,2,1,45,3,19.99
518,19,F,U,LE3,T,3,2,3,0,no,no,no,yes,yes,yes,3,4,3,3,6,23,3,20.0
519,19,F,U,GT3,T,3,0,2,0,no,no,no,yes,yes,no,4,3,4,4,2,32,10,20.0
520,17,M,R,GT3,T,4,0,1,0,no,no,no,no,yes,yes,4,4,1,2,2,46,8,18.43
521,18,F,U,GT3,T,4,1,2,0,no,yes,no,no,yes,yes,4,4,3,4,3,3,9,20.0
522,15,M,R,LE3,T,3,3,4,2,no,yes,no,yes,no,no,4,5,1,4,5,43,2,20.0
523,18,M,U,LE3,T,4,4,3,2,no,yes,yes,no,yes,no,1,2,3,5,3,22,3,20.0
524,17,F,U,GT3,T,1,2,3,0,no,yes,no,yes,yes,yes,4,3,4,3,3,23,8,20.0
525,19,M,U,GT3,T,2,3,2,0,yes,no,no,no,yes,yes,3,2,2,5,1,4,2,20.0
526,18,F,U,LE3,T,2,2,2,0,no,no,yes,no,yes,yes,1,5,3,3,2,13,8,20.0
527,19,M,U,GT3,T,2,3,4,0,yes,no,no,yes,yes,no,3,4,2,4,3,32,5,20.0
528,15,F,R,LE3,T,2,3,4,1,yes,yes,yes,no,yes,no,3,4,2,4,1,29,6,20.0
529,19,F,U,GT3,T,3,1,2,0,no,yes,no,no,no,no,4,2,3,2,1,40,10,20.0
530,19,F,U,GT3,T,1,2,3,2,no,no,no,yes,yes,yes,2,3,1,4,4,40,4,16.5
531,16,M,U,GT3,T,3,3,1,2,no,yes,yes,yes,yes,no,4,3,4,3,2,45,3,20.0
532,16,M,R,LE3,T,1,0,2,0,no,yes,no,no,yes,yes,4,4,1,3,4,10,8,18.51
533,16,F,R,GT3,T,2,2,3,0,no,no,no,yes,yes,yes,4,3,2,4,4,13,9,20.0
534,19,F,U,LE3,T,3,3,2,0,yes,no,no,yes,yes,no,5,2,3,4,1,45,8,20.0
535,17,M,R,GT3,T,3,4,4,0,no,yes,yes,yes,yes,no,4,4,4,3,3,17,9,20.0
536,19,M,U,GT3,T,3,2,1,0,no,no,yes,no,yes,yes,4,3,1,3,3,38,1,20.0
537,17,M,U,LE3,T,3,3,2,0,no,yes,yes,no,yes,no,5,4,4,1,1,2,5,20.0
538,17,F,R,LE3,T,1,2,4,2,no,no,yes,no,yes,no,4,2,4,4,3,17,7,20.0
539,16,M,R,GT3,T,3,3,4,0,no,yes,no,no,yes,no,4,5,4,4,2,44,8,20.0
540,18,M,U,GT3,T,0,3,1,0,yes,yes,no,yes,yes,no,4,4,2,3,5,26,2,20.0
541,15,F,U,GT3,A,2,4,2,1,no,no,no,no,no,no,4,5,4,2,5,38,4,19.33
542,16,M,U,LE3,T,2,2,3,1,no,yes,no,no,yes,no,5,4,4,4,6,37,7,20.0
543,16,M,R,GT3,A,0,3,1,0,no,no,no,yes,yes,no,3,5,1,5,3,5,5,16.17
544,18,M,U,GT3,T,2,3,4,2,yes,no,no,yes,yes,no,3,5,5,4,2,25,1,20.0
545,15,F,U,GT3,T,4,2,4,0,no,no,no,yes,no,yes,3,4,5,5,1,9,2,20.0
546,19,F,U,GT3,T,4,1,1,0,no,no,no,no,yes,no,4,5,5,1,2,28,5,19.24
547,19,F,U,GT3,T,2,0,1,0,yes,yes,no,no,yes,yes,3,3,4,5,1,22,6,20.0
548,16,F,U,GT3,T,0,0,1,0,no,no,yes,no,yes,yes,4,3,4,3,3,29,1,16.42
549,15,F,R,GT3,T,1,4,4,1,yes,yes,yes,no,yes,no,5,1,4,5,4,35,3,20.0
550,16,F,U,GT3,T,2,1,1,1,no,yes,no,yes,yes,yes,5,4,4,3,4,20,6,17.75
551,17,F,U,GT3,A,4,1,2,1,no,no,no,no,no,no,4,4,4,4,1,5,6,18.26
552,16,M,U,LE3,T,1,3,2,0,no,yes,no,no,no,no,5,4,4,4,1,39,7,20.0
553,16,M,R,GT3,T,3,2,2,0,no,yes,no,yes,yes,no,4,2,3,4,5,44,10,20.0
554,19,F,U,GT3,T,1,3,1,0,yes,yes,yes,no,yes,yes,4,3,3,5,3,32,3,20.0
555,19,M,U,GT3,T,4,1,2,0,no,no,no,yes,yes,yes,5,3,5,4,0,39,1,20.0
556,19,M,R,LE3,T,2,4,4,1,no,no,yes,no,yes,no,4,4,1,5,8,10,7,20.0
557,17,F,R,LE3,T,3,4,4,1,yes,yes,no,no,no,no,4,3,4,4,2,40,3,20.0
558,19,M,R,GT3,A,2,4,3,0,no,yes,no,no,yes,yes,3,5,5,4,5,17,5,20.0
559,15,M,R,LE3,T,3,2,1,0,no,no,yes,no,yes,yes,4,3,4,2,3,37,4,20.0
560,18,M,U,GT3,T,1,3,2,0,yes,yes,no,yes,yes,no,5,3,5,5,2,15,1,20.0
561,15,M,R,LE3,T,1,1,3,0,yes,yes,no,no,no,yes,4,5,4,4,7,9,7,19.35
562,15,M,U,LE3,T,4,0,2,0,yes,yes,yes,yes,yes,no,4,4,1,4,0,32,4,20.0
563,19,F,R,LE3,T,4,0,4,0,no,yes,no,no,yes,no,4,1,4,4,3,23,1,20.0
564,18,F,R,LE3,T,4,3,3,0,no,yes,no,no,yes,no,5,4,3,4,4,11,6,20.0
565,18,F,R,GT3,T,3,2,1,0,no,no,no,no,yes,yes,3,2,3,5,4,13,4,18.66
566,18,M,U,LE3,T,3,3,4,0,no,yes,yes,yes,no,yes,4,5,3,3,4,18,4,20.0
567,17,F,U,GT3,T,0,0,4,0,no,no,yes,no,yes,yes,2,4,3,3,8,49,2,20.0
568,19,M,U,GT3,T,2,2,1,1,no,no,no,no,yes,no,4,3,3,3,4,9,1,18.49
569,18,M,R,GT3,T,2,3,2,0,yes,no,yes,no,yes,no,4,4,3,5,2,42,3,20.0
570,17,M,R,GT3,T,3,2,2,3,no,yes,no,yes,yes,no,1,2,4,2,1,5,10,14.86
571,16,M,U,GT3,T,2,3,2,0,no,yes,yes,yes,yes,no,4,4,4,2,2,43,5,20.0
572,16,F,U,GT3,T,1,1,1,0,no,yes,no,yes,yes,yes,4,5,3,3,0,22,9,15.1
573,17,F,U,LE3,T,3,3,2,0,no,no,no,no,yes,no,2,5,2,4,4,32,7,20.0
574,17,M,R,GT3,T,3,3,4,0,no,yes,yes,no,yes,no,4,3,4,4,3,47,4,20.0
575,19,F,R,GT3,T,2,1,2,1,no,yes,yes,no,yes,no,3,3,4,1,1,2,8,17.19
576,19,M,U,GT3,T,1,1,1,0,yes,yes,no,yes,no,yes,4,1,5,5,3,21,4,19.09
577,16,F,U,GT3,T,1,3,3,2,no,yes,no,yes,yes,no,4,4,1,5,6,28,6,20.0
578,18,F,R,GT3,T,1,3,2,2,yes,yes,yes,no,yes,no,4,4,5,3,4,24,1,16.12
579,16,M,R,GT3,T,2,2,3,0,no,yes,no,no,no,no,5,4,3,4,1,24,6,20.0
580,18,F,U,GT3,T,3,2,2,0,yes,yes,yes,no,yes,yes,4,5,4,4,1,14,10,20.0
581,18,M,U,GT3,T,3,4,1,1,yes,yes,no,no,yes,no,1,3,1,3,3,37,5,20.0
582,19,F,U,LE3,A,3,3,1,0,no,yes,no,yes,yes,yes,5,1,3,3,3,27,2,20.0
583,15,M,U,GT3,T,2,2,3,1,no,no,yes,no,yes,no,4,2,2,4,7,24,1,20.0
584,15,M,U,LE3,T,3,2,2,0,yes,yes,no,no,yes,no,1,3,3,4,5,6,6,20.0
585,17,F,U,GT3,T,1,1,3,0,no,yes,yes,yes,yes,no,5,1,3,3,7,26,2,20.0
586,19,F,R,GT3,T,2,3,2,0,no,yes,yes,yes,no,no,3,4,4,5,3,15,9,20.0
587,18,M,U,LE3,A,3,2,2,0,yes,yes,yes,yes,yes,no,4,3,4,4,2,29,9,20.0
588,15,F,R,LE3,T,1,4,2,2,no,no,no,yes,yes,yes,4,3,4,4,4,36,1,20.0
589,18,F,U,LE3,A,1,2,4,0,no,yes,no,no,yes,yes,4,4,3,3,2,10,5,20.0
590,15,M,U,GT3,A,4,2,4,1,no,no,no,yes,yes,no,5,3,3,4,6,28,8,20.0
591,15,M,U,GT3,A,2,3,2,0,no,no,yes,yes,yes,no,4,4,5,3,3,9,4,20.0
592,15,F,U,GT3,T,3,4,2,0,no,no,yes,yes,yes,yes,2,3,4,4,1,21,3,20.0
593,19,M,R,GT3,T,0,3,1,0,no,yes,no,no,no,yes,5,4,3,5,2,10,5,20.0
594,16,M,R,GT3,T,3,2,2,0,yes,yes,yes,yes,yes,no,5,5,2,5,6,4,5,20.0
595,18,M,U,GT3,T,2,3,2,0,yes,no,no,no,yes,no,4,1,4,4,4,4,8,20.0
596,19,F,U,GT3,T,0,3,4,0,no,yes,yes,yes,yes,no,4,4,3,4,3,6,6,20.0
597,19,F,R,GT3,T,3,2,4,1,no,no,no,yes,yes,yes,2,5,1,5,4,26,2,20.0
598,19,M,U,GT3,T,1,1,2,0,no,no,yes,yes,no,no,5,4,4,4,3,40,1,20.0
599,19,F,U,LE3,T,2,2,2,0,yes,no,no,yes,yes,no,2,3,4,2,4,16,3,20.0
600,19,M,R,GT3,T,0,1,3,1,yes,yes,yes,yes,yes,no,2,3,4,4,2,8,2,20.0
601,17,F,U,GT3,T,1,4,3,1,no,no,yes,yes,yes,no,4,4,1,2,7,28,4,19.83
602,18,M,U,LE3,T,2,2,1,0,no,no,yes,no,no,yes,3,5,3,5,3,16,3,20.0
603,19,M,U,GT3,T,0,4,2,0,yes,no,yes,no,no,no,1,1,5,4,4,38,9,20.0
604,18,F,R,LE3,T,4,3,2,2,no,yes,yes,yes,yes,yes,4,2,5,4,6,49,5,20.0
605,17,M,U,LE3,T,0,3,2,0,no,yes,no,yes,no,yes,2,3,3,2,4,1,4,20.0
606,17,F,U,GT3,T,2,3,1,0,no,yes,no,no,yes,no,3,3,2,4,2,19,10,20.0
607,18,F,R,LE3,A,1,1,1,0,no,yes,no,no,yes,no,2,3,3,5,6,50,9,18.8
608,15,M,U,GT3,T,2,2,3,1,no,yes,no,yes,no,no,3,3,3,1,2,17,4,20.0
609,16,M,R,GT3,T,4,0,2,0,no,no,no,no,no,no,4,3,4,4,3,49,6,20.0
610,15,F,U,LE3,T,1,3,1,3,no,yes,no,no,yes,no,5,2,5,5,2,28,10,13.11
611,15,M,R,GT3,T,4,2,2,0,no,no,no,no,yes,no,4,5,3,4,4,44,1,20.0
612,15,M,U,LE3,T,1,3,3,1,no,yes,no,yes,no,yes,4,2,1,4,6,12,2,20.0
613,19,M,U,GT3,T,3,1,3,0,no,yes,no,yes,yes,no,1,3,5,4,2,6,4,20.0
614,17,M,U,GT3,T,3,1,2,0,no,yes,yes,yes,no,yes,2,3,1,4,2,7,9,20.0
615,15,M,U,LE3,T,4,2,2,2,no,yes,yes,no,yes,no,3,5,5,3,6,8,6,19.54
616,17,F,R,LE3,T,3,4,4,0,no,no,no,no,no,yes,4,4,4,1,2,3,6,20.0
617,18,F,R,GT3,T,3,3,2,0,no,yes,yes,yes,no,no,4,4,5,4,1,49,9,20.0
618,16,M,U,GT3,A,1,2,2,0,yes,no,no,no,yes,no,4,2,2,5,6,21,4,20.0
619,18,M,U,LE3,A,1,3,2,0,yes,yes,no,no,no,no,4,5,1,2,4,8,3,20.0
620,18,M,R,GT3,T,4,0,1,0,no,no,yes,no,yes,no,2,3,3,3,4,28,7,19.51
621,19,F,R,GT3,T,2,4,2,1,no,yes,yes,no,yes,no,5,3,3,4,2,30,7,20.0
622,16,M,U,GT3,T,2,3,4,0,no,yes,no,no,yes,no,4,4,3,5,1,32,9,20.0
623,18,F,U,GT3,T,3,2,3,0,no,yes,no,yes,yes,no,4,5,5,3,4,11,6,20.0
624,18,F,U,GT3,T,2,3,2,0,no,yes,yes,no,yes,no,4,4,4,5,5,20,2,20.0
625,16,F,U,GT3,A,4,1,4,1,no,yes,no,no,no,yes,4,5,4,2,5,50,6,20.0
626,16,M,U,GT3,T,3,4,1,1,yes,no,no,yes,yes,yes,5,5,2,5,2,16,8,20.0
627,18,F,U,GT3,T,3,1,2,0,no,no,yes,yes,yes,yes,5,3,4,4,2,25,6,20.0
628,16,M,U,LE3,T,4,3,2,0,no,no,yes,no,no,yes,4,3,4,4,3,45,9,20.0
629,18,F,R,GT3,A,0,1,3,2,yes,yes,no,yes,yes,no,4,1,3,4,7,9,4,19.45
630,18,M,U,GT3,T,2,3,1,0,no,yes,yes,no,yes,yes,3,5,5,5,3,39,3,20.0
631,19,F,U,GT3,T,2,3,2,2,no,yes,no,yes,yes,yes,5,3,2,3,5,49,5,20.0
632,15,M,U,GT3,T,1,3,3,2,yes,no,no,yes,yes,yes,4,5,3,1,4,40,3,19.5
633,18,F,U,GT3,T,3,3,3,1,yes,no,no,yes,yes,no,2,3,1,4,2,40,2,20.0
634,17,M,U,GT3,T,4,4,3,0,no,no,no,yes,no,no,4,3,4,5,0,3,2,20.0
635,15,M,U,GT3,A,2,0,2,1,no,no,no,no,yes,no,2,1,4,5,4,16,4,16.41
636,15,M,U,GT3,T,2,2,1,1,yes,yes,yes,no,no,no,4,3,3,4,0,12,3,17.02
637,15,M,U,LE3,T,4,1,2,0,yes,yes,yes,yes,yes,yes,4,5,2,4,1,15,9,20.0
638,19,F,U,GT3,T,2,4,1,0,no,yes,no,yes,yes,no,3,1,1,2,1,4,7,20.0
639,18,F,U,GT3,T,2,2,4,0,no,yes,no,yes,yes,no,2,3,2,5,6,23,6,20.0
640,19,M,R,LE3,T,2,3,2,0,no,yes,yes,yes,yes,yes,5,1,3,5,2,27,10,20.0
641,18,F,U,GT3,T,4,3,2,0,yes,yes,no,no,yes,no,5,3,2,4,7,39,8,20.0
642,19,M,R,GT3,T,3,1,3,0,no,no,yes,yes,yes,no,5,3,3,4,4,43,9,20.0
643,19,M,U,GT3,T,3,1,2,0,no,no,yes,yes,yes,no,4,3,5,5,6,37,3,20.0
644,17,F,U,LE3,T,3,2,2,0,no,no,yes,yes,yes,no,5,5,3,5,5,13,10,20.0
645,19,M,U,LE3,T,2,2,3,0,no,no,no,yes,yes,yes,4,3,4,4,1,43,7,20.0
646,16,M,U,GT3,A,2,1,3,1,no,yes,no,yes,yes,yes,3,3,1,4,4,37,9,20.0
647,17,F,R,LE3,T,3,0,3,2,no,yes,yes,yes,yes,yes,2,4,3,4,3,40,1,20.0
648,19,M,R,GT3,T,2,4,1,0,no,no,yes,no,yes,yes,3,2,3,4,5,21,10,20.0
649,15,M,R,GT3,T,3,4,2,0,no,yes,yes,no,yes,yes,2,3,2,4,1,29,9,20.0
650,16,M,U,LE3,T,4,2,3,0,no,yes,no,no,yes,no,5,4,2,3,3,29,7,20.0
651,16,M,U,GT3,T,3,2,1,1,no,yes,yes,yes,yes,yes,1,3,5,4,5,49,10,18.99
652,16,F,U,GT3,T,3,0,2,1,no,yes,no,yes,yes,no,4,4,5,4,3,11,4,19.73
653,17,F,U,GT3,T,3,3,3,2,yes,yes,yes,no,no,no,4,4,1,4,0,50,6,20.0
654,19,F,U,GT3,T,3,3,1,0,no,yes,no,no,yes,no,3,4,3,3,2,28,6,20.0
655,19,M,U,GT3,T,2,1,3,3,yes,yes,yes,no,yes,no,4,5,5,5,2,10,6,20.0
656,15,M,U,GT3,T,0,1,2,0,no,no,no,yes,no,no,2,2,1,4,3,5,2,17.23
657,15,F,U,GT3,A,2,3,2,1,yes,yes,yes,yes,yes,no,5,3,4,2,4,25,5,20.0
658,16,M,R,GT3,T,3,3,1,0,no,yes,yes,no,yes,no,3,3,5,4,4,33,7,20.0
659,15,M,R,GT3,T,2,0,3,2,no,yes,no,no,yes,no,4,3,5,5,3,17,6,20.0
660,17,M,R,GT3,A,3,3,2,0,no,yes,no,no,yes,no,4,5,3,5,0,49,3,20.0
661,19,M,U,GT3,A,2,2,2,1,no,no,no,no,no,yes,5,4,2,3,2,33,5,20.0
662,16,F,U,GT3,T,3,2,3,1,no,no,no,no,no,no,5,4,2,5,2,25,8,20.0
663,15,F,U,LE3,T,1,3,3,0,no,no,no,no,yes,no,4,4,5,2,9,33,5,20.0
664,17,F,R,GT3,T,3,3,4,0,no,yes,no,no,no,no,4,2,5,5,3,9,10,20.0
665,17,M,U,LE3,T,3,2,2,2,yes,yes,yes,no,yes,yes,4,4,4,3,5,27,3,19.34
666,15,F,U,GT3,T,1,4,2,0,no,yes,no,no,yes,no,5,4,4,1,3,25,9,20.0
667,19,F,R,GT3,T,2,2,4,0,no,yes,no,yes,no,no,5,4,4,4,4,4,3,20.0
668,15,M,U,GT3,T,3,3,3,0,yes,yes,yes,yes,yes,yes,2,3,4,4,2,9,2,20.0
669,16,M,U,GT3,T,2,2,2,0,no,yes,no,no,yes,no,4,4,4,4,0,46,6,20.0
670,15,F,U,GT3,T,1,4,1,0,no,yes,yes,yes,yes,no,5,3,4,5,1,15,8,18.31
671,17,F,U,GT3,T,4,4,3,0,no,no,yes,no,yes,no,4,4,3,5,0,16,6,20.0
672,15,F,U,GT3,T,3,0,2,0,no,yes,no,yes,yes,no,3,4,2,4,2,16,1,20.0
673,19,F,U,GT3,T,4,4,3,0,no,no,no,yes,yes,no,4,3,4,4,5,13,8,20.0
674,18,M,U,GT3,T,2,3,2,2,yes,yes,yes,no,yes,no,4,4,3,2,3,14,1,19.59
675,15,F,U,GT3,A,2,3,1,3,yes,yes,yes,yes,yes,yes,5,5,3,1,3,22,9,13.9
676,19,F,R,LE3,T,4,1,3,1,no,no,no,yes,no,no,4,1,4,4,2,21,8,20.0
677,19,M,U,GT3,T,3,3,1,0,yes,no,yes,yes,no,no,3,5,4,2,1,9,6,20.0
678,17,F,U,GT3,T,3,4,2,2,yes,yes,no,no,yes,no,3,4,5,4,3,41,2,20.0
679,19,M,U,GT3,T,2,2,2,0,no,yes,no,yes,no,no,1,4,2,4,2,4,9,19.64
680,19,M,R,LE3,A,2,4,2,0,no,yes,no,no,yes,yes,4,5,4,3,2,10,8,20.0
681,19,M,U,GT3,T,1,0,3,2,no,yes,no,yes,yes,no,4,4,2,4,3,35,4,20.0
682,19,F,U,LE3,T,1,1,3,1,no,no,no,no,yes,yes,3,5,5,3,1,9,2,18.16
683,16,F,R,GT3,T,0,3,3,1,no,no,no,yes,yes,yes,4,3,1,4,0,48,6,20.0
684,16,M,R,GT3,T,0,3,1,1,no,no,no,yes,yes,yes,4,3,4,5,3,16,1,15.51
685,17,F,U,GT3,T,4,3,1,0,no,yes,no,yes,yes,yes,3,4,4,4,3,49,7,20.0
686,15,F,R,LE3,T,1,0,2,0,no,no,no,yes,yes,no,3,5,3,2,5,18,1,19.73
687,19,M,U,GT3,T,3,4,4,1,no,yes,no,no,yes,yes,5,5,5,4,2,10,6,20.0
688,15,M,U,GT3,T,3,0,3,0,no,no,yes,yes,no,yes,4,4,5,3,3,21,5,20.0
689,15,F,U,GT3,T,3,1,3,0,yes,no,yes,yes,yes,no,5,4,3,4,3,15,10,20.0
690,17,M,U,GT3,A,1,0,2,1,no,yes,yes,no,no,no,4,3,1,4,2,15,3,19.0
691,19,F,R,LE3,T,3,3,2,1,no,yes,yes,yes,no,yes,5,5,3,4,6,11,6,20.0
692,19,F,U,GT3,T,3,4,2,0,no,yes,yes,yes,yes,yes,5,3,3,5,5,40,4,20.0
693,18,F,U,GT3,T,3,3,1,1,no,yes,no,no,yes,yes,4,4,5,4,3,48,6,19.56
694,15,F,R,GT3,A,3,3,1,1,no,no,no,no,yes,yes,5,4,5,1,1,42,4,16.47
695,15,M,R,LE3,T,4,0,4,1,yes,yes,no,yes,no,yes,5,4,1,3,3,41,1,20.0
696,16,M,U,GT3,T,3,3,2,0,yes,yes,no,yes,yes,no,4,3,3,5,4,47,5,20.0
697,18,M,U,GT3,T,2,2,2,0,no,yes,no,no,yes,yes,3,5,3,1,2,37,8,20.0
698,16,M,U,GT3,T,3,2,1,0,no,no,no,yes,yes,no,4,4,1,4,2,20,6,19.41
699,16,F,R,LE3,T,0,0,4,0,yes,yes,no,no,yes,no,5,5,3,4,3,34,10,20.0
700,16,F,U,GT3,T,4,3,2,0,no,no,yes,yes,no,no,4,1,3,4,2,22,9,20.0
701,17,M,R,LE3,T,1,3,3,0,yes,no,no,no,yes,no,3,4,3,5,1,48,4,20.0
702,17,F,U,GT3,T,2,3,4,0,no,no,no,yes,no,no,2,4,4,4,1,18,10,20.0
703,16,F,U,LE3,T,3,2,2,2,yes,yes,yes,no,yes,no,4,4,4,4,3,16,9,20.0
704,18,F,U,GT3,T,3,1,3,0,no,yes,no,yes,yes,no,3,5,2,5,3,5,8,20.0
705,15,M,U,GT3,T,2,3,1,1,no,yes,no,no,no,yes,4,1,4,4,3,1,3,15.76
706,18,M,U,GT3,T,2,1,1,1,no,yes,yes,yes,yes,yes,4,1,4,4,0,19,6,16.46
707,19,M,R,LE3,T,4,4,3,0,no,yes,no,yes,no,no,4,4,5,4,4,10,4,20.0
708,17,F,U,GT3,T,2,3,3,2,no,no,yes,no,yes,no,2,1,3,4,3,21,1,20.0
709,15,M,U,GT3,T,4,1,2,0,no,yes,yes,no,yes,no,3,5,5,5,5,13,9,20.0
710,15,M,R,GT3,T,0,4,2,0,no,no,no,no,yes,no,3,3,5,3,8,24,4,19.39
711,19,M,U,GT3,T,3,3,2,1,no,yes,no,yes,no,no,3,4,3,3,3,23,5,20.0
712,19,M,R,LE3,T,3,0,1,0,no,no,no,no,no,no,4,2,3,5,2,23,3,20.0
713,16,M,U,GT3,T,1,3,2,1,no,no,no,yes,yes,no,4,4,5,4,5,11,4,20.0
714,17,M,U,LE3,T,2,2,2,0,no,no,yes,no,yes,no,3,3,4,3,3,47,9,20.0
715,17,F,U,GT3,T,1,3,2,1,yes,no,no,no,yes,no,2,1,5,4,0,2,7,20.0
716,18,F,U,LE3,T,3,3,3,0,no,no,no,yes,yes,no,3,3,4,5,4,6,8,20.0
717,16,M,R,GT3,T,3,4,2,1,yes,no,no,no,yes,yes,5,3,4,5,1,11,3,20.0
718,16,M,U,GT3,T,3,3,1,0,yes,yes,yes,no,yes,no,4,5,2,4,1,15,3,20.0
719,16,F,U,GT3,T,1,2,2,1,yes,yes,no,yes,no,yes,5,3,3,3,2,9,7,19.73
720,16,F,U,GT3,T,1,3,3,1,yes,yes,no,no,yes,yes,5,4,5,5,1,12,8,20.0
721,17,M,U,GT3,A,0,1,2,0,yes,yes,no,yes,no,no,4,5,3,4,3,36,5,20.0
722,17,M,R,GT3,A,2,3,1,1,no,yes,no,no,yes,yes,4,4,1,5,5,28,1,19.01
723,16,M,U,LE3,T,3,3,2,0,yes,yes,yes,yes,yes,no,3,5,4,3,4,23,3,20.0
724,18,M,U,GT3,T,4,0,3,2,no,yes,no,yes,no,yes,4,5,4,2,3,27,5,20.0
725,15,F,R,LE3,T,3,2,2,0,yes,yes,no,yes,yes,no,3,4,3,4,3,24,3,20.0
726,15,M,U,GT3,T,2,4,3,1,no,yes,yes,no,no,yes,5,4,3,3,4,14,1,20.0
727,18,M,R,GT3,T,4,4,4,1,no,no,no,no,no,no,2,2,3,4,3,35,7,20.0
728,16,M,U,GT3,T,3,0,3,0,no,yes,no,no,yes,yes,5,3,1,5,3,27,1,20.0
729,17,M,U,LE3,T,4,0,3,0,no,no,no,yes,yes,no,2,5,4,4,2,21,10,20.0
730,15,F,U,GT3,T,3,2,2,0,no,yes,no,yes,yes,yes,5,4,3,5,3,49,6,20.0
731,19,F,R,GT3,T,2,4,1,1,no,no,yes,no,yes,no,3,4,5,4,4,13,6,19.35
732,19,F,R,GT3,T,0,1,4,0,yes,no,no,no,yes,yes,4,4,4,5,2,8,7,20.0
733,18,M,U,GT3,T,3,3,2,0,no,no,no,yes,yes,yes,4,3,4,5,8,44,1,20.0
734,16,M,U,GT3,T,1,1,1,1,no,no,yes,yes,yes,yes,4,5,3,4,2,44,3,16.18
735,15,F,U,LE3,T,2,3,3,0,no,yes,yes,no,yes,no,4,4,3,4,1,44,9,20.0
736,16,M,U,GT3,T,3,2,2,1,no,no,yes,yes,yes,no,5,3,3,4,8,34,2,20.0
737,15,M,U,GT3,T,3,3,2,0,no,no,no,no,yes,no,1,5,3,4,2,42,5,20.0
738,18,F,R,LE3,A,3,1,2,0,no,no,no,no,yes,yes,5,3,4,3,3,23,3,20.0
739,18,F,U,LE3,T,1,3,2,1,no,no,no,no,yes,no,4,4,3,5,1,9,5,17.97
740,19,F,U,LE3,A,2,1,3,0,no,yes,no,no,yes,no,5,4,4,5,3,1,7,20.0
741,16,F,U,GT3,A,3,3,2,0,yes,no,no,yes,yes,yes,4,3,2,4,6,36,1,20.0
742,19,M,U,GT3,T,4,4,2,2,no,yes,yes,no,yes,no,4,5,2,4,3,46,3,20.0
743,16,M,U,LE3,T,3,1,2,0,no,yes,no,no,yes,no,5,4,5,4,2,16,6,20.0
744,19,F,U,GT3,T,4,4,3,3,yes,yes,no,yes,no,yes,4,3,4,4,2,25,7,20.0
745,17,M,R,LE3,A,3,3,3,3,yes,no,no,no,yes,yes,4,2,3,4,2,18,10,20.0
746,17,F,U,GT3,T,3,1,2,0,no,yes,no,yes,yes,yes,1,5,3,5,4,34,3,19.64
747,17,F,U,LE3,T,1,2,3,0,no,yes,no,no,no,no,3,1,2,4,3,38,4,20.0
748,17,M,U,GT3,T,3,1,1,1,yes,yes,no,yes,no,yes,4,5,4,2,1,3,6,17.83
749,15,F,R,GT3,T,3,3,4,0,no,no,yes,no,yes,yes,4,3,1,5,5,20,5,20.0
750,17,M,R,GT3,T,3,3,2,0,yes,no,no,yes,yes,yes,4,4,4,4,2,19,9,20.0
751,18,M,U,GT3,T,2,1,3,1,no,yes,yes,yes,yes,yes,2,5,4,5,3,13,1,20.0
752,18,M,R,GT3,T,3,3,1,0,no,yes,yes,no,yes,yes,4,3,5,2,3,17,5,20.0
753,15,M,U,GT3,A,2,3,2,2,no,no,no,no,no,no,4,4,3,1,5,14,1,19.35
754,17,F,U,LE3,T,3,4,2,0,no,no,yes,yes,yes,yes,4,4,2,5,4,30,8,20.0
755,17,M,U,LE3,A,1,3,3,0,no,no,yes,yes,no,no,5,4,4,2,6,22,7,20.0
756,17,F,U,GT3,T,3,4,2,0,no,yes,yes,yes,yes,no,5,4,1,5,4,43,5,20.0
757,19,F,U,LE3,T,1,3,4,3,yes,no,no,no,no,no,2,4,2,5,1,48,6,19.86
758,16,F,R,LE3,T,0,2,2,1,no,yes,no,no,yes,no,5,4,1,4,4,43,4,15.91
759,19,F,R,GT3,T,2,3,2,1,no,yes,no,no,yes,yes,4,5,3,2,2,29,9,19.48
760,16,M,U,GT3,T,3,2,1,0,no,yes,yes,no,yes,no,4,4,1,4,2,50,3,20.0
761,17,M,U,GT3,T,2,2,3,0,no,yes,no,no,yes,no,2,3,3,5,5,2,2,20.0
762,17,F,U,LE3,T,2,2,2,0,yes,no,no,yes,yes,no,4,5,5,4,2,8,7,20.0
763,19,F,U,LE3,A,3,3,3,0,yes,yes,yes,yes,no,no,3,3,4,4,2,14,2,20.0
764,19,M,U,GT3,A,2,3,4,0,yes,yes,no,no,yes,no,4,1,1,4,1,34,6,20.0
765,16,F,U,LE3,T,4,2,4,1,no,yes,no,no,yes,no,1,3,2,2,4,13,8,20.0
766,18,M,U,LE3,T,4,2,2,0,no,yes,yes,no,yes,no,3,2,4,5,2,10,3,20.0
767,16,F,R,GT3,T,3,2,3,2,no,yes,no,no,yes,no,2,2,5,5,4,8,3,18.97
768,19,M,U,GT3,T,2,3,3,0,no,yes,no,no,no,no,3,3,1,5,0,7,3,20.0
769,19,F,U,GT3,A,3,1,1,3,no,yes,yes,no,yes,no,2,2,4,4,3,13,1,13.75
770,15,F,R,LE3,T,0,3,3,0,no,no,yes,yes,yes,no,4,4,4,5,6,26,9,20.0
771,19,M,U,LE3,T,2,2,1,0,yes,no,yes,yes,yes,no,1,2,3,3,3,32,5,17.36
772,15,F,U,GT3,A,2,2,2,0,no,no,yes,no,yes,yes,4,3,5,4,1,19,9,20.0
773,18,F,U,LE3,T,4,1,1,0,yes,yes,no,no,no,no,2,2,4,4,4,15,5,18.81
774,16,M,U,GT3,T,0,1,1,0,yes,no,no,yes,yes,yes,5,2,5,5,0,2,7,20.0
775,16,F,R,GT3,T,3,4,2,0,no,no,yes,yes,yes,no,5,3,3,5,2,37,1,20.0
776,15,M,U,GT3,T,3,2,2,0,no,no,no,yes,no,yes,3,4,4,5,4,19,9,20.0
777,16,M,U,GT3,T,2,1,3,1,no,no,yes,yes,yes,yes,4,5,4,5,1,33,1,20.0
778,19,F,R,LE3,T,0,2,1,1,no,yes,yes,no,yes,no,1,5,3,5,3,39,4,16.6
779,17,F,R,GT3,T,4,2,2,1,no,no,yes,yes,no,yes,5,5,4,2,5,50,7,20.0
780,15,F,R,GT3,T,3,0,1,0,no,yes,no,no,yes,no,4,3,2,5,2,33,9,19.51
781,16,F,U,GT3,T,3,2,2,1,no,yes,no,yes,no,no,1,3,2,4,1,1,1,20.0
782,15,F,U,LE3,T,1,3,3,0,no,yes,yes,no,yes,yes,3,2,3,4,5,39,6,20.0
783,15,F,R,LE3,T,2,3,2,0,no,yes,yes,yes,no,yes,2,4,4,2,1,28,10,20.0
784,17,F,R,GT3,T,2,2,3,0,yes,no,no,no,no,no,4,2,5,4,2,17,5,20.0
785,19,M,U,GT3,T,0,2,2,0,no,yes,no,no,yes,yes,4,4,3,3,2,6,3,20.0
786,15,F,U,GT3,T,1,4,3,0,no,yes,yes,no,yes,no,4,3,4,4,2,44,10,20.0
787,16,M,U,LE3,T,3,2,2,0,no,no,yes,yes,yes,no,4,3,2,4,2,20,2,20.0
788,18,F,R,GT3,T,1,2,2,0,no,yes,no,yes,yes,yes,2,5,5,5,1,47,1,20.0
789,15,F,U,GT3,T,1,1,3,1,no,yes,no,yes,yes,yes,3,4,4,5,2,13,2,20.0
790,15,M,U,GT3,T,3,2,1,1,yes,no,yes,yes,yes,no,2,5,4,4,3,12,4,17.14
791,17,F,U,GT3,T,3,3,3,3,no,no,no,no,yes,no,5,4,4,4,3,30,6,20.0
792,19,F,U,LE3,T,0,1,3,1,no,yes,no,no,no,yes,2,5,3,3,0,21,5,20.0
793,18,M,R,GT3,T,3,3,2,0,yes,no,no,no,yes,yes,4,4,3,4,5,2,4,20.0
794,16,F,U,LE3,T,1,0,1,2,no,yes,no,no,yes,no,3,5,5,2,7,18,8,13.72
795,18,F,R,GT3,T,0,2,1,2,no,yes,no,yes,yes,no,3,3,1,5,3,28,7,16.38
796,16,F,R,GT3,T,0,3,4,0,yes,yes,no,yes,yes,no,4,4,4,4,1,4,4,20.0
797,19,M,U,GT3,T,3,2,3,0,no,yes,yes,yes,yes,no,4,4,5,2,3,42,10,20.0
798,16,F,U,GT3,A,1,3,1,3,no,no,yes,no,yes,no,4,3,3,4,1,43,5,15.05
799,17,F,U,LE3,T,0,1,2,0,no,no,no,no,no,no,4,5,5,4,3,6,10,17.91
800,17,F,R,GT3,T,2,3,2,2,no,yes,yes,yes,no,no,4,5,5,4,3,38,5,18.01
801,17,F,U,GT3,T,3,0,3,0,yes,yes,no,yes,yes,no,3,4,4,1,1,9,3,20.0
802,17,M,U,LE3,T,2,4,1,0,yes,no,no,no,yes,no,4,3,2,5,5,20,9,20.0
803,18,M,R,LE3,T,2,1,2,0,no,yes,no,no,yes,no,4,4,3,3,4,45,5,20.0
804,19,F,U,GT3,T,0,4,3,0,no,yes,no,no,yes,no,1,5,1,1,0,30,10,20.0
805,16,F,R,LE3,T,2,2,1,1,no,no,yes,yes,yes,no,4,4,4,2,3,37,2,15.63
806,16,M,U,GT3,T,3,3,2,3,no,no,no,yes,yes,no,2,1,4,4,1,38,4,18.41
807,17,M,U,GT3,T,3,2,4,0,no,no,no,no,yes,yes,3,4,4,2,11,4,4,20.0
808,17,F,U,GT3,T,2,4,3,0,no,yes,yes,no,yes,yes,4,1,3,1,0,38,5,20.0
809,15,M,R,LE3,T,2,1,2,1,yes,no,no,yes,yes,no,5,4,1,4,4,50,8,17.52
810,19,F,U,GT3,T,1,1,1,1,yes,yes,yes,no,yes,yes,5,3,4,4,3,13,5,19.49
811,18,M,R,GT3,A,2,2,1,0,yes,yes,no,no,yes,no,2,4,4,2,3,35,1,17.37
812,16,M,R,LE3,T,0,0,2,0,no,yes,no,yes,no,yes,4,4,5,3,0,30,2,19.16
813,15,M,U,GT3,A,3,1,3,1,yes,yes,yes,yes,no,no,4,1,4,4,1,42,3,20.0
814,15,M,R,GT3,T,4,4,2,1,no,yes,no,yes,yes,yes,2,3,4,3,4,4,3,20.0
815,16,F,U,GT3,T,4,4,3,0,no,yes,no,yes,yes,no,5,3,4,4,7,25,10,20.0
816,18,M,U,LE3,T,4,2,4,0,no,yes,yes,no,yes,no,4,3,4,2,1,31,6,20.0
817,15,M,U,GT3,T,3,4,2,3,no,no,yes,yes,yes,yes,5,3,3,1,0,47,9,13.83
818,15,F,R,LE3,T,3,3,1,1,no,yes,no,no,yes,no,1,5,5,4,2,12,10,16.07
819,19,M,U,LE3,T,2,2,2,0,no,yes,no,no,yes,yes,3,5,4,3,4,15,1,20.0
820,18,M,U,GT3,T,3,3,4,0,no,yes,no,yes,yes,yes,5,5,3,2,2,26,6,20.0
821,15,F,U,GT3,A,2,3,3,1,no,yes,no,yes,yes,no,4,5,1,4,3,10,9,20.0
822,18,M,U,LE3,T,2,4,1,0,no,no,no,no,yes,yes,5,3,3,5,3,12,4,20.0
823,16,F,U,LE3,T,3,2,3,0,no,yes,no,no,no,no,2,3,3,4,1,22,10,20.0
824,17,F,R,LE3,T,2,3,2,0,no,no,no,no,yes,yes,4,3,3,5,3,40,3,20.0
825,15,F,R,LE3,T,2,0,4,0,no,yes,no,yes,yes,no,4,5,2,5,2,21,6,20.0
826,19,F,U,LE3,T,4,1,1,1,no,yes,yes,yes,yes,no,1,4,3,5,4,35,6,20.0
827,16,M,R,LE3,T,0,0,2,0,no,no,yes,no,yes,no,4,3,2,5,4,7,2,19.79
828,18,F,U,GT3,A,2,4,3,1,no,no,no,no,yes,no,4,3,4,4,2,18,5,20.0
829,16,M,R,GT3,T,4,3,2,0,no,yes,yes,yes,yes,no,3,4,3,4,1,27,1,20.0
830,15,M,U,GT3,T,3,3,2,0,no,no,no,no,yes,no,3,4,4,3,3,35,9,20.0
831,18,M,U,GT3,T,3,3,1,0,no,yes,no,yes,yes,no,4,5,2,4,2,47,9,20.0
832,17,M,U,LE3,A,1,2,2,2,no,no,yes,no,yes,yes,4,3,3,5,5,2,3,16.34
833,16,M,R,GT3,T,2,1,2,2,no,no,no,no,yes,no,5,5,3,4,3,32,5,16.13
834,15,M,U,GT3,T,4,2,4,0,no,no,no,yes,yes,yes,3,3,4,4,3,15,3,20.0
835,19,M,U,GT3,T,3,2,2,1,yes,no,no,no,yes,yes,3,4,4,4,7,45,7,20.0
836,18,M,U,GT3,T,3,3,2,1,no,yes,yes,yes,yes,no,5,5,2,4,4,24,1,20.0
837,16,M,U,GT3,T,0,3,3,3,no,no,yes,yes,yes,no,5,5,4,4,2,20,5,17.85
838,16,M,U,GT3,T,0,0,1,0,yes,yes,no,yes,yes,no,1,2,2,4,4,10,6,16.6
839,17,F,R,LE3,T,4,0,2,1,no,yes,no,yes,yes,no,5,3,5,4,3,24,7,20.0
840,17,F,R,GT3,T,2,1,3,0,no,yes,yes,yes,no,yes,2,4,5,4,3,24,3,20.0
841,19,F,U,GT3,T,3,2,3,0,no,yes,yes,no,no,yes,1,3,4,5,6,24,7,20.0
842,19,M,R,GT3,T,0,4,3,3,no,no,no,no,yes,yes,3,4,4,5,2,40,4,19.26
843,15,F,U,GT3,T,3,3,3,0,no,yes,no,yes,no,no,3,5,4,3,0,48,10,20.0
844,15,F,R,LE3,T,4,3,1,0,no,yes,no,no,yes,no,5,2,4,5,3,48,6,20.0
845,19,F,R,GT3,T,3,2,4,0,no,yes,no,no,no,yes,4,4,4,3,3,34,5,20.0
846,19,M,U,GT3,T,1,2,1,1,yes,yes,no,no,yes,no,5,3,5,3,1,41,4,18.66
847,18,M,R,GT3,T,3,1,3,1,no,no,yes,no,yes,no,4,5,4,4,3,40,6,20.0
848,17,M,U,GT3,T,3,4,2,0,no,yes,no,yes,yes,no,4,5,4,3,0,11,3,20.0
849,15,M,U,LE3,A,2,3,4,3,no,no,yes,yes,yes,no,4,4,4,2,2,26,3,18.51
850,17,F,R,GT3,T,4,1,3,0,no,no,no,no,yes,no,5,2,4,4,4,1,5,20.0
851,17,F,U,GT3,T,3,3,3,0,no,no,no,yes,no,no,4,4,4,4,6,30,5,20.0
852,19,F,U,GT3,T,4,2,2,2,no,yes,yes,yes,yes,yes,5,4,2,3,3,43,9,18.54
853,18,F,U,GT3,T,3,3,2,0,no,no,no,yes,yes,yes,5,3,3,4,3,18,4,20.0
854,16,M,R,GT3,T,1,4,3,0,no,yes,no,yes,yes,yes,2,5,2,4,0,26,5,20.0
855,18,M,U,GT3,T,2,3,3,0,no,no,yes,yes,yes,no,4,5,3,4,7,47,9,20.0
856,18,M,U,LE3,T,1,3,1,1,no,yes,no,yes,yes,no,5,4,3,5,3,9,4,19.13
857,17,F,R,GT3,T,4,0,4,0,yes,yes,yes,yes,yes,no,5,4,5,4,4,9,3,20.0
858,18,M,R,GT3,T,3,0,3,2,no,yes,no,no,yes,yes,3,3,4,3,5,1,7,20.0
859,15,M,U,GT3,T,3,1,2,1,yes,no,no,no,yes,no,4,4,4,3,2,7,7,20.0
860,17,F,U,GT3,T,2,0,3,0,yes,yes,yes,yes,yes,no,4,3,3,4,0,44,8,20.0
861,15,F,U,GT3,T,1,3,2,1,no,yes,no,yes,yes,no,3,3,4,4,1,42,4,20.0
862,16,M,U,LE3,A,3,3,2,0,no,yes,yes,yes,yes,no,4,2,4,1,1,16,4,20.0
863,17,M,U,GT3,A,2,1,2,0,no,no,no,yes,no,no,3,3,4,3,2,38,9,20.0
864,16,M,R,LE3,T,1,3,2,1,no,no,no,yes,yes,yes,3,3,3,5,2,11,10,20.0
865,17,M,U,GT3,T,3,1,3,3,no,yes,yes,yes,yes,yes,4,4,3,4,3,25,7,19.52
866,19,M,U,LE3,T,0,2,2,0,no,no,yes,no,yes,yes,4,4,4,4,2,29,3,20.0
867,18,M,U,GT3,T,2,1,3,0,no,yes,no,no,yes,no,4,4,4,5,3,19,9,20.0
868,19,F,R,GT3,T,2,2,3,0,no,yes,no,yes,yes,yes,4,3,5,5,3,18,5,20.0
869,16,F,U,LE3,T,1,2,3,0,no,no,yes,yes,yes,no,3,3,5,4,6,47,4,20.0
870,18,F,R,GT3,T,4,2,1,0,no,yes,no,no,yes,no,3,5,5,4,4,29,1,17.44
871,17,M,U,GT3,T,1,2,3,0,no,yes,yes,no,yes,yes,1,4,4,5,4,16,9,20.0
872,18,F,U,LE3,T,1,4,2,1,yes,yes,yes,no,yes,no,3,5,5,4,1,46,6,20.0
873,15,M,U,GT3,T,1,0,2,0,yes,yes,no,no,yes,yes,4,3,4,3,0,40,2,20.0
874,18,M,U,GT3,T,3,1,2,0,yes,yes,yes,yes,yes,no,5,4,3,3,4,8,7,20.0
875,15,F,U,GT3,T,2,0,2,1,yes,yes,no,yes,yes,no,3,2,3,4,2,34,3,18.56
876,18,M,U,LE3,A,3,3,3,1,no,yes,no,no,yes,yes,2,4,2,5,7,6,6,20.0
877,15,M,U,LE3,T,0,0,2,0,yes,yes,no,yes,yes,no,4,5,1,3,3,45,8,19.7
878,16,F,R,LE3,T,0,3,3,0,yes,yes,no,no,no,no,3,5,2,2,1,45,3,20.0
879,19,F,U,LE3,A,2,3,1,1,yes,yes,no,no,yes,no,5,5,1,5,1,30,5,20.0
880,17,F,R,LE3,A,3,3,2,0,yes,yes,no,no,yes,no,4,3,4,5,4,44,6,20.0
881,18,M,U,GT3,T,4,3,4,0,yes,no,no,yes,yes,yes,3,4,3,3,3,34,1,20.0
882,19,F,U,GT3,T,0,1,3,1,no,yes,no,no,yes,no,3,4,3,4,4,21,10,20.0
883,17,F,U,GT3,T,3,1,2,0,no,no,no,yes,yes,yes,4,4,4,4,3,12,7,20.0
884,17,M,U,GT3,T,4,2,2,0,yes,no,yes,yes,yes,yes,2,3,4,3,2,49,4,20.0
885,15,F,U,LE3,T,2,3,2,0,no,no,no,yes,yes,yes,2,5,5,5,0,6,10,20.0
886,16,F,U,LE3,T,3,1,2,0,no,yes,no,no,yes,yes,3,5,4,2,1,39,7,20.0
887,16,F,U,GT3,T,1,1,3,0,yes,yes,no,no,yes,no,5,3,3,1,3,6,7,20.0
888,19,M,U,LE3,T,4,4,3,3,no,yes,no,yes,yes,yes,4,3,3,3,3,4,5,20.0
889,16,M,U,GT3,T,3,0,2,0,no,no,no,yes,yes,no,1,2,2,3,3,9,8,17.77
890,18,M,R,GT3,T,4,3,4,0,no,yes,no,no,no,no,4,4,2,2,1,5,8,20.0
891,16,M,R,GT3,T,3,3,2,0,no,no,yes,no,yes,no,4,3,3,2,6,10,5,20.0
892,19,F,R,GT3,T,2,2,2,2,yes,no,no,no,no,no,4,5,5,5,2,47,5,19.04
893,16,M,R,GT3,T,4,1,2,0,no,yes,yes,no,no,yes,3,4,1,3,2,8,7,20.0
894,18,M,U,GT3,T,2,1,3,0,no,yes,no,yes,no,no,4,4,2,5,5,23,6,20.0
895,15,F,U,GT3,T,2,3,2,2,no,no,no,no,no,no,5,4,2,4,4,4,4,18.43
896,19,F,R,GT3,A,3,3,2,0,yes,yes,yes,yes,yes,yes,2,1,4,4,4,37,2,20.0
897,15,F,U,GT3,T,3,3,2,0,no,yes,yes,no,yes,no,3,5,3,3,2,7,8,20.0
898,15,M,U,GT3,T,4,4,1,0,no,no,no,no,yes,no,3,4,3,3,8,6,3,20.0
899,15,M,U,GT3,T,1,3,3,0,no,yes,yes,yes,yes,yes,3,5,2,4,5,45,2,20.0
900,17,M,U,GT3,T,3,1,2,0,yes,no,yes,yes,no,yes,4,4,3,4,5,42,10,20.0
901,17,F,U,GT3,T,3,1,1,1,no,no,no,no,no,yes,5,4,2,5,7,15,7,17.04
902,15,F,R,GT3,T,0,3,3,0,no,no,yes,yes,yes,no,5,2,3,5,2,35,10,20.0
903,19,M,U,LE3,T,2,1,4,0,no,yes,no,yes,yes,no,3,4,1,4,2,50,6,20.0
904,18,F,U,GT3,T,2,0,4,0,no,yes,no,no,yes,no,4,4,4,4,3,32,8,20.0
905,18,F,R,GT3,T,2,3,2,0,no,yes,yes,yes,yes,no,4,4,4,5,6,14,6,20.0
906,16,F,U,GT3,T,4,2,1,0,no,yes,yes,no,yes,no,4,4,4,4,2,35,7,20.0
907,19,M,U,LE3,T,3,4,2,2,no,yes,no,yes,yes,no,4,3,3,5,6,11,2,20.0
908,17,F,U,GT3,A,3,3,1,0,no,yes,no,no,no,no,3,5,3,5,6,10,10,20.0
909,15,F,R,GT3,T,4,0,4,1,no,yes,no,yes,yes,no,4,5,1,1,4,17,2,20.0
910,16,M,R,GT3,T,2,4,1,0,yes,yes,no,yes,no,no,4,2,3,3,5,13,6,20.0
911,18,M,U,GT3,T,3,2,2,0,no,no,no,no,yes,no,5,5,3,4,4,34,9,20.0
912,17,F,R,GT3,T,2,2,2,0,no,yes,yes,no,no,no,5,3,3,4,2,45,3,20.0
913,17,F,U,GT3,T,4,2,2,0,no,yes,yes,yes,yes,no,2,4,4,4,2,5,10,20.0
914,15,M,R,GT3,T,1,0,3,0,no,no,yes,yes,no,yes,2,3,4,5,6,48,8,20.0
915,18,M,R,LE3,T,4,2,2,0,no,no,yes,no,yes,yes,5,5,4,3,5,10,5,20.0
916,19,F,R,GT3,T,1,1,1,1,no,yes,no,no,yes,no,4,2,2,3,2,32,6,18.72
917,17,F,U,LE3,T,2,2,2,0,yes,yes,no,no,yes,yes,5,4,4,2,2,12,6,20.0
918,15,F,R,GT3,T,3,2,2,0,no,yes,yes,no,no,no,2,3,1,4,4,13,10,20.0
919,19,F,R,LE3,T,2,3,1,0,yes,no,no,no,yes,no,4,3,4,4,3,21,3,19.04
920,18,M,U,LE3,T,3,3,3,0,no,no,yes,yes,yes,yes,4,4,3,3,3,48,5,20.0
921,17,F,R,LE3,T,2,1,2,0,no,no,no,yes,yes,yes,5,2,2,4,6,33,1,20.0
922,19,F,U,LE3,T,3,2,3,0,no,yes,no,no,yes,yes,2,4,5,2,3,41,2,20.0
923,19,M,R,GT3,T,1,2,4,0,no,yes,no,yes,no,yes,3,5,4,2,4,48,10,20.0
924,19,F,U,GT3,T,0,1,4,1,yes,yes,no,yes,yes,no,4,5,3,4,4,47,3,20.0
925,17,M,R,GT3,T,2,3,4,2,yes,no,yes,yes,yes,no,5,5,1,4,4,50,4,20.0
926,17,F,U,LE3,T,2,3,2,0,no,no,no,yes,no,no,5,3,3,4,4,32,9,20.0
927,16,F,U,LE3,A,1,1,1,0,no,no,no,yes,yes,no,5,3,5,5,5,12,1,16.74
928,18,M,U,LE3,T,2,2,2,2,yes,yes,no,yes,no,no,5,4,4,5,0,46,3,20.0
929,15,M,U,LE3,T,2,1,3,0,no,yes,no,no,yes,no,1,1,5,3,3,35,3,20.0
930,19,F,U,GT3,T,0,3,4,0,no,yes,no,yes,yes,no,1,5,2,4,1,36,6,20.0
931,16,F,U,LE3,T,3,1,3,0,no,no,no,yes,yes,no,2,2,4,4,3,38,5,20.0
932,15,F,U,GT3,T,4,4,1,0,no,no,no,yes,yes,yes,3,5,4,5,10,48,3,20.0
933,16,M,U,LE3,T,1,3,4,0,no,yes,yes,no,yes,yes,5,2,3,5,3,28,4,20.0
934,17,F,U,LE3,T,3,2,2,0,no,yes,no,yes,yes,yes,5,5,1,3,3,13,7,20.0
935,19,M,R,GT3,T,3,3,1,0,no,yes,no,no,yes,yes,3,3,4,3,2,12,3,20.0
936,15,M,U,GT3,T,2,4,2,0,yes,yes,no,no,yes,no,4,1,4,4,2,22,9,20.0
937,15,F,R,LE3,T,3,3,1,1,no,no,yes,yes,no,yes,5,4,4,4,1,44,8,17.27
938,15,M,R,LE3,A,2,1,2,0,no,yes,no,yes,yes,no,4,3,4,3,4,2,2,20.0
939,15,F,U,GT3,T,3,2,2,0,no,no,yes,yes,yes,no,2,4,4,2,4,29,5,20.0
940,15,F,U,LE3,T,0,3,2,0,no,yes,no,no,no,no,4,4,4,4,5,13,4,19.14
941,16,F,R,LE3,T,3,3,3,1,yes,no,no,no,yes,no,4,2,2,3,6,35,5,20.0
942,19,F,U,GT3,T,3,3,3,1,yes,yes,no,no,yes,yes,4,5,3,3,2,13,3,20.0
943,17,F,U,GT3,T,0,4,3,1,no,no,no,yes,no,no,4,4,4,2,2,34,10,20.0
944,17,M,U,GT3,T,2,4,2,0,no,yes,yes,no,no,yes,1,4,5,3,2,19,1,20.0
945,17,M,R,GT3,T,4,4,3,1,no,yes,yes,yes,yes,no,5,4,1,4,2,9,8,20.0
946,17,F,U,GT3,T,2,0,4,1,no,yes,no,yes,yes,no,4,4,3,4,1,31,9,20.0
947,16,F,U,GT3,T,3,3,1,0,no,yes,yes,no,yes,no,4,3,3,1,2,33,8,20.0
948,18,M,R,GT3,T,4,3,2,0,no,yes,no,no,yes,no,5,3,2,2,4,27,4,20.0
949,19,M,R,GT3,T,3,3,2,0,no,yes,yes,yes,yes,no,3,4,3,3,4,45,2,20.0
950,15,M,U,LE3,A,3,3,1,1,no,no,no,yes,yes,yes,3,3,4,4,3,2,4,18.2
951,18,M,U,GT3,T,3,1,3,0,no,yes,no,yes,yes,yes,5,3,1,2,2,15,9,20.0
952,17,F,R,GT3,T,4,3,3,0,no,no,yes,yes,yes,no,3,4,4,4,2,19,10,20.0
953,18,F,U,GT3,T,2,3,1,2,yes,no,yes,yes,yes,no,5,4,4,2,2,31,9,16.03
954,19,M,U,GT3,A,2,0,3,1,no,yes,no,no,yes,no,3,1,5,3,1,16,5,20.0
955,15,F,U,GT3,T,2,2,3,2,yes,no,no,no,yes,yes,1,3,2,3,2,43,5,19.32
956,15,M,R,LE3,T,4,1,4,3,no,yes,no,no,yes,no,4,3,4,2,3,15,10,20.0
957,19,F,U,GT3,T,3,2,2,0,yes,yes,no,no,yes,no,3,2,3,4,2,6,3,20.0
958,19,M,R,LE3,T,0,0,4,1,no,yes,no,no,yes,no,5,3,3,4,3,14,6,20.0
959,17,F,R,GT3,T,4,2,2,0,no,no,yes,no,yes,no,4,2,4,5,5,27,7,20.0
960,15,M,U,LE3,T,2,3,2,2,no,yes,no,no,yes,no,5,5,4,2,5,38,10,18.34
961,18,M,U,GT3,A,0,3,1,0,yes,yes,yes,yes,yes,yes,5,4,1,2,1,19,9,20.0
962,16,F,U,LE3,T,3,3,1,3,yes,yes,yes,no,yes,no,3,2,5,3,3,37,7,16.3
963,16,M,U,GT3,T,2,3,3,1,no,no,no,no,yes,yes,5,1,4,5,6,43,3,20.0
964,19,F,U,GT3,T,4,1,2,1,yes,yes,yes,no,yes,yes,4,4,4,3,3,4,7,20.0
965,17,F,R,LE3,T,1,1,2,0,no,no,yes,no,yes,no,4,3,4,4,3,26,1,20.0
966,16,M,U,GT3,A,3,4,1,0,no,no,yes,yes,yes,no,5,4,3,3,1,9,2,20.0
967,15,F,R,GT3,T,3,1,3,1,no,no,no,no,yes,no,4,5,4,2,2,41,4,20.0
968,19,F,U,LE3,T,0,4,1,0,no,no,no,yes,yes,no,4,4,3,5,0,49,7,20.0
969,18,F,U,GT3,T,4,3,3,1,no,no,no,no,yes,no,4,3,5,4,2,40,9,20.0
970,19,F,U,LE3,T,3,3,1,0,yes,yes,no,yes,no,yes,3,4,2,5,4,15,5,20.0
971,18,F,U,GT3,T,2,4,1,1,yes,yes,no,yes,yes,no,3,5,3,4,5,41,8,20.0
972,19,M,R,GT3,T,2,0,2,0,yes,yes,yes,yes,yes,yes,4,4,4,4,6,37,7,20.0
973,19,F,U,GT3,T,4,2,2,1,yes,yes,no,no,no,no,3,4,3,2,6,4,5,20.0
974,19,F,U,GT3,A,2,3,2,1,yes,yes,yes,yes,no,yes,2,3,3,4,6,26,3,20.0
975,18,F,U,LE3,T,1,2,2,0,no,yes,yes,no,yes,no,1,3,3,3,3,18,3,20.0
976,18,F,U,LE3,A,1,4,4,0,no,yes,yes,yes,yes,no,4,4,5,4,3,41,6,20.0
977,19,F,U,GT3,T,2,0,3,0,no,no,no,no,yes,yes,4,5,3,4,5,35,10,20.0
978,16,M,U,GT3,T,3,3,1,0,no,yes,yes,no,yes,no,5,4,3,5,2,41,4,20.0
979,17,F,R,GT3,T,2,3,2,0,no,no,yes,yes,yes,yes,4,4,2,4,4,41,3,20.0
980,17,M,U,GT3,T,1,3,3,1,no,yes,yes,yes,yes,yes,4,3,3,4,4,29,4,20.0
981,17,M,R,GT3,T,1,2,2,0,yes,no,yes,no,yes,yes,4,3,3,2,4,24,3,20.0
982,18,M,U,GT3,T,2,2,1,0,no,no,no,no,yes,no,4,4,4,3,5,4,10,16.8
983,18,M,U,GT3,T,4,3,3,0,yes,yes,no,no,yes,no,4,3,2,1,4,21,6,20.0
984,16,F,U,GT3,T,2,1,3,0,yes,yes,no,yes,no,no,5,4,2,4,6,39,7,20.0
985,17,M,U,GT3,T,4,3,2,0,no,yes,yes,yes,yes,no,5,3,3,5,3,7,4,20.0
986,17,M,U,LE3,T,2,3,1,3,no,yes,yes,no,yes,no,5,4,3,3,0,23,3,13.76
987,19,F,U,GT3,T,1,3,1,2,no,no,no,yes,yes,no,5,5,3,2,2,40,3,16.45
988,18,F,U,GT3,T,4,3,3,0,yes,no,yes,yes,yes,no,4,4,4,4,5,21,3,20.0
989,17,F,U,GT3,T,2,1,2,0,no,yes,no,yes,yes,no,4,3,3,5,1,1,9,20.0
990,16,M,U,LE3,T,3,3,2,1,no,yes,yes,no,no,no,4,4,3,4,2,41,3,20.0
991,16,F,R,GT3,A,4,4,2,0,no,yes,no,no,no,yes,4,5,4,1,7,25,3,20.0
992,17,F,U,GT3,T,0,2,2,0,no,yes,yes,yes,yes,no,5,4,2,5,2,31,8,20.0
993,18,M,U,GT3,T,0,4,4,0,no,no,no,yes,yes,no,4,1,4,5,5,44,4,20.0
994,16,F,U,LE3,T,3,2,3,0,yes,yes,no,yes,yes,yes,5,1,3,2,4,38,7,20.0
995,19,F,U,LE3,T,2,1,3,3,no,yes,no,yes,yes,no,3,3,3,5,2,45,3,20.0
996,16,F,U,GT3,T,1,2,1,1,no,yes,yes,yes,yes,yes,5,3,4,4,2,5,8,19.97
997,15,F,U,GT3,T,0,4,1,0,no,yes,no,no,yes,yes,4,5,2,4,1,31,3,19.24
998,15,M,U,GT3,A,0,2,2,0,no,no,no,yes,yes,yes,4,5,5,4,0,1,5,18.11
999,18,F,U,GT3,T,3,4,1,1,no,yes,yes,yes,yes,no,3,3,4,5,2,30,1,20.0
1000,17,F,U,LE3,T,1,4,4,1,no,no,yes,no,yes,no,5,3,4,4,3,18,5,20.0
